test_id,requires_rejection,benchmark_label,query_tree_type,query_location,query_component,benchmark_equation_present,exact_equation_match_count,candidate_match_status,candidate_resolution,candidate_tree_type,candidate_location,tree_string_exact,location_string_exact,dbh,dbh_source,species_status,geography_status,component_status,predictor_status,measurement_range_status,diagnostic_gate_status,component_reason,predictor_reason,measurement_range_reason
Q0001,False,applicable,思茅松,云南普洱景谷县,干,True,0,no_exact_fedb_equation_match,no_candidate,,,False,False,15.0,D,unresolved,unresolved,unresolved,unresolved,unresolved,unresolved,No unambiguous exact FEDB candidate was established.,No unambiguous exact FEDB candidate was established.,No unambiguous exact FEDB candidate was established.
Q0002,False,applicable,思茅松,云南普洱景谷县,枝,True,0,no_exact_fedb_equation_match,no_candidate,,,False,False,8.0,D,unresolved,unresolved,unresolved,unresolved,unresolved,unresolved,No unambiguous exact FEDB candidate was established.,No unambiguous exact FEDB candidate was established.,No unambiguous exact FEDB candidate was established.
Q0003,False,applicable,思茅松,云南普洱景谷县,叶,True,0,no_exact_fedb_equation_match,no_candidate,,,False,False,20.0,D,unresolved,unresolved,unresolved,unresolved,unresolved,unresolved,No unambiguous exact FEDB candidate was established.,No unambiguous exact FEDB candidate was established.,No unambiguous exact FEDB candidate was established.
Q0004,False,applicable,思茅松,云南普洱景谷县,根,True,0,no_exact_fedb_equation_match,no_candidate,,,False,False,12.0,D,unresolved,unresolved,unresolved,unresolved,unresolved,unresolved,No unambiguous exact FEDB candidate was established.,No unambiguous exact FEDB candidate was established.,No unambiguous exact FEDB candidate was established.
Q0005,False,applicable,思茅松,云南普洱景谷县,整株,True,0,no_exact_fedb_equation_match,no_candidate,,,False,False,18.0,D,unresolved,unresolved,unresolved,unresolved,unresolved,unresolved,No unambiguous exact FEDB candidate was established.,No unambiguous exact FEDB candidate was established.,No unambiguous exact FEDB candidate was established.
Q0006,False,applicable,华山松,小秦岭,干,True,0,no_exact_fedb_equation_match,no_candidate,,,False,False,10.0,D,unresolved,unresolved,unresolved,unresolved,unresolved,unresolved,No unambiguous exact FEDB candidate was established.,No unambiguous exact FEDB candidate was established.,No unambiguous exact FEDB candidate was established.
Q0007,False,applicable,华山松,小秦岭,枝,True,0,no_exact_fedb_equation_match,no_candidate,,,False,False,15.0,D,unresolved,unresolved,unresolved,unresolved,unresolved,unresolved,No unambiguous exact FEDB candidate was established.,No unambiguous exact FEDB candidate was established.,No unambiguous exact FEDB candidate was established.
Q0008,False,applicable,华山松,小秦岭,叶,True,0,no_exact_fedb_equation_match,no_candidate,,,False,False,12.0,D,unresolved,unresolved,unresolved,unresolved,unresolved,unresolved,No unambiguous exact FEDB candidate was established.,No unambiguous exact FEDB candidate was established.,No unambiguous exact FEDB candidate was established.
Q0009,False,applicable,油松,小秦岭,干,True,0,no_exact_fedb_equation_match,no_candidate,,,False,False,18.0,D,unresolved,unresolved,unresolved,unresolved,unresolved,unresolved,No unambiguous exact FEDB candidate was established.,No unambiguous exact FEDB candidate was established.,No unambiguous exact FEDB candidate was established.
Q0010,False,applicable,蒙古栎,小秦岭,枝,True,0,no_exact_fedb_equation_match,no_candidate,,,False,False,10.0,D,unresolved,unresolved,unresolved,unresolved,unresolved,unresolved,No unambiguous exact FEDB candidate was established.,No unambiguous exact FEDB candidate was established.,No unambiguous exact FEDB candidate was established.
Q0011,False,applicable,白桦,小秦岭,叶,True,0,no_exact_fedb_equation_match,no_candidate,,,False,False,8.0,D,unresolved,unresolved,unresolved,unresolved,unresolved,unresolved,No unambiguous exact FEDB candidate was established.,No unambiguous exact FEDB candidate was established.,No unambiguous exact FEDB candidate was established.
Q0012,False,applicable,水曲柳,小秦岭,干,True,0,no_exact_fedb_equation_match,no_candidate,,,False,False,12.0,D,unresolved,unresolved,unresolved,unresolved,unresolved,unresolved,No unambiguous exact FEDB candidate was established.,No unambiguous exact FEDB candidate was established.,No unambiguous exact FEDB candidate was established.
Q0013,False,applicable,锐齿槲栎,小秦岭,枝,True,0,no_exact_fedb_equation_match,no_candidate,,,False,False,14.0,D,unresolved,unresolved,unresolved,unresolved,unresolved,unresolved,No unambiguous exact FEDB candidate was established.,No unambiguous exact FEDB candidate was established.,No unambiguous exact FEDB candidate was established.
Q0014,False,applicable,紫椴,吉林省蛟河林业实验区,整株,True,0,no_exact_fedb_equation_match,no_candidate,,,False,False,5.0,D,unresolved,unresolved,unresolved,unresolved,unresolved,unresolved,No unambiguous exact FEDB candidate was established.,No unambiguous exact FEDB candidate was established.,No unambiguous exact FEDB candidate was established.
Q0015,False,applicable,紫椴,吉林省蛟河林业实验区,地上生物量,True,0,no_exact_fedb_equation_match,no_candidate,,,False,False,15.0,D,unresolved,unresolved,unresolved,unresolved,unresolved,unresolved,No unambiguous exact FEDB candidate was established.,No unambiguous exact FEDB candidate was established.,No unambiguous exact FEDB candidate was established.
Q0016,False,applicable,紫椴,吉林省蛟河林业实验区,树干,True,0,no_exact_fedb_equation_match,no_candidate,,,False,False,25.0,D,unresolved,unresolved,unresolved,unresolved,unresolved,unresolved,No unambiguous exact FEDB candidate was established.,No unambiguous exact FEDB candidate was established.,No unambiguous exact FEDB candidate was established.
Q0017,False,applicable,紫椴,吉林省蛟河林业实验区,枝条,True,0,no_exact_fedb_equation_match,no_candidate,,,False,False,8.0,D,unresolved,unresolved,unresolved,unresolved,unresolved,unresolved,No unambiguous exact FEDB candidate was established.,No unambiguous exact FEDB candidate was established.,No unambiguous exact FEDB candidate was established.
Q0018,False,applicable,木荷,浙江,粗根,True,0,no_exact_fedb_equation_match,no_candidate,,,False,False,20.0,D,unresolved,unresolved,unresolved,unresolved,unresolved,unresolved,No unambiguous exact FEDB candidate was established.,No unambiguous exact FEDB candidate was established.,No unambiguous exact FEDB candidate was established.
Q0019,False,applicable,马尾松,浙江,粗根,True,0,no_exact_fedb_equation_match,no_candidate,,,False,False,12.0,D,unresolved,unresolved,unresolved,unresolved,unresolved,unresolved,No unambiguous exact FEDB candidate was established.,No unambiguous exact FEDB candidate was established.,No unambiguous exact FEDB candidate was established.
Q0020,False,applicable,檫木,浙江,粗根,True,0,no_exact_fedb_equation_match,no_candidate,,,False,False,18.0,D,unresolved,unresolved,unresolved,unresolved,unresolved,unresolved,No unambiguous exact FEDB candidate was established.,No unambiguous exact FEDB candidate was established.,No unambiguous exact FEDB candidate was established.
Q0021,False,applicable,杉木,全国通用,树干,True,0,no_exact_fedb_equation_match,no_candidate,,,False,False,16.0,D,unresolved,unresolved,unresolved,unresolved,unresolved,unresolved,No unambiguous exact FEDB candidate was established.,No unambiguous exact FEDB candidate was established.,No unambiguous exact FEDB candidate was established.
Q0022,False,applicable,云南松,全国通用,树冠,True,0,no_exact_fedb_equation_match,no_candidate,,,False,False,14.0,D,unresolved,unresolved,unresolved,unresolved,unresolved,unresolved,No unambiguous exact FEDB candidate was established.,No unambiguous exact FEDB candidate was established.,No unambiguous exact FEDB candidate was established.
Q0023,False,applicable,马尾松,浙江,根系,True,0,no_exact_fedb_equation_match,no_candidate,,,False,False,12.0,D,unresolved,unresolved,unresolved,unresolved,unresolved,unresolved,No unambiguous exact FEDB candidate was established.,No unambiguous exact FEDB candidate was established.,No unambiguous exact FEDB candidate was established.
Q0024,False,applicable,杉木,浙江,根系,True,0,no_exact_fedb_equation_match,no_candidate,,,False,False,15.0,D,unresolved,unresolved,unresolved,unresolved,unresolved,unresolved,No unambiguous exact FEDB candidate was established.,No unambiguous exact FEDB candidate was established.,No unambiguous exact FEDB candidate was established.
Q0025,False,applicable,红松,黑龙江省,地上总生物量,True,0,no_exact_fedb_equation_match,no_candidate,,,False,False,20.0,D,unresolved,unresolved,unresolved,unresolved,unresolved,unresolved,No unambiguous exact FEDB candidate was established.,No unambiguous exact FEDB candidate was established.,No unambiguous exact FEDB candidate was established.
Q0026,False,applicable,兴安落叶松,黑龙江省,地上总生物量,True,0,no_exact_fedb_equation_match,no_candidate,,,False,False,18.0,D,unresolved,unresolved,unresolved,unresolved,unresolved,unresolved,No unambiguous exact FEDB candidate was established.,No unambiguous exact FEDB candidate was established.,No unambiguous exact FEDB candidate was established.
Q0027,False,applicable,樟子松,黑龙江省,地上总生物量,True,0,no_exact_fedb_equation_match,no_candidate,,,False,False,16.0,D,unresolved,unresolved,unresolved,unresolved,unresolved,unresolved,No unambiguous exact FEDB candidate was established.,No unambiguous exact FEDB candidate was established.,No unambiguous exact FEDB candidate was established.
Q0028,False,applicable,银中杨,黑龙江省,地上总生物量,True,0,no_exact_fedb_equation_match,no_candidate,,,False,False,14.0,D,unresolved,unresolved,unresolved,unresolved,unresolved,unresolved,No unambiguous exact FEDB candidate was established.,No unambiguous exact FEDB candidate was established.,No unambiguous exact FEDB candidate was established.
Q0029,False,applicable,山杨,黑龙江省,地上总生物量,True,0,no_exact_fedb_equation_match,no_candidate,,,False,False,10.0,D,unresolved,unresolved,unresolved,unresolved,unresolved,unresolved,No unambiguous exact FEDB candidate was established.,No unambiguous exact FEDB candidate was established.,No unambiguous exact FEDB candidate was established.
Q0030,False,applicable,白桦,黑龙江省,地上总生物量,True,0,no_exact_fedb_equation_match,no_candidate,,,False,False,12.0,D,unresolved,unresolved,unresolved,unresolved,unresolved,unresolved,No unambiguous exact FEDB candidate was established.,No unambiguous exact FEDB candidate was established.,No unambiguous exact FEDB candidate was established.
Q0031,False,applicable,山杨,山西省,叶,True,0,no_exact_fedb_equation_match,no_candidate,,,False,False,8.0,D,unresolved,unresolved,unresolved,unresolved,unresolved,unresolved,No unambiguous exact FEDB candidate was established.,No unambiguous exact FEDB candidate was established.,No unambiguous exact FEDB candidate was established.
Q0032,False,applicable,山杨,山西省,干,True,0,no_exact_fedb_equation_match,no_candidate,,,False,False,15.0,D,unresolved,unresolved,unresolved,unresolved,unresolved,unresolved,No unambiguous exact FEDB candidate was established.,No unambiguous exact FEDB candidate was established.,No unambiguous exact FEDB candidate was established.
Q0033,False,applicable,油松,山西省,叶,True,0,no_exact_fedb_equation_match,no_candidate,,,False,False,12.0,D,unresolved,unresolved,unresolved,unresolved,unresolved,unresolved,No unambiguous exact FEDB candidate was established.,No unambiguous exact FEDB candidate was established.,No unambiguous exact FEDB candidate was established.
Q0034,False,applicable,油松,山西省,干,True,0,no_exact_fedb_equation_match,no_candidate,,,False,False,18.0,D,unresolved,unresolved,unresolved,unresolved,unresolved,unresolved,No unambiguous exact FEDB candidate was established.,No unambiguous exact FEDB candidate was established.,No unambiguous exact FEDB candidate was established.
Q0035,False,applicable,侧柏,山西省,叶,True,0,no_exact_fedb_equation_match,no_candidate,,,False,False,10.0,D,unresolved,unresolved,unresolved,unresolved,unresolved,unresolved,No unambiguous exact FEDB candidate was established.,No unambiguous exact FEDB candidate was established.,No unambiguous exact FEDB candidate was established.
Q0036,False,applicable,辽东栎,山西省,叶,True,0,no_exact_fedb_equation_match,no_candidate,,,False,False,14.0,D,unresolved,unresolved,unresolved,unresolved,unresolved,unresolved,No unambiguous exact FEDB candidate was established.,No unambiguous exact FEDB candidate was established.,No unambiguous exact FEDB candidate was established.
Q0037,False,applicable,樟子松,内蒙古,枝,True,0,no_exact_fedb_equation_match,no_candidate,,,False,False,16.0,D,unresolved,unresolved,unresolved,unresolved,unresolved,unresolved,No unambiguous exact FEDB candidate was established.,No unambiguous exact FEDB candidate was established.,No unambiguous exact FEDB candidate was established.
Q0038,False,applicable,白桦,内蒙古,干,True,0,no_exact_fedb_equation_match,no_candidate,,,False,False,12.0,D,unresolved,unresolved,unresolved,unresolved,unresolved,unresolved,No unambiguous exact FEDB candidate was established.,No unambiguous exact FEDB candidate was established.,No unambiguous exact FEDB candidate was established.
Q0039,False,applicable,油松,内蒙古,干,True,0,no_exact_fedb_equation_match,no_candidate,,,False,False,15.0,D,unresolved,unresolved,unresolved,unresolved,unresolved,unresolved,No unambiguous exact FEDB candidate was established.,No unambiguous exact FEDB candidate was established.,No unambiguous exact FEDB candidate was established.
Q0040,False,applicable,兴安落叶松,内蒙古,干,True,0,no_exact_fedb_equation_match,no_candidate,,,False,False,14.0,D,unresolved,unresolved,unresolved,unresolved,unresolved,unresolved,No unambiguous exact FEDB candidate was established.,No unambiguous exact FEDB candidate was established.,No unambiguous exact FEDB candidate was established.
Q0041,False,applicable,兴安落叶松,内蒙古,根,True,0,no_exact_fedb_equation_match,no_candidate,,,False,False,20.0,D,unresolved,unresolved,unresolved,unresolved,unresolved,unresolved,No unambiguous exact FEDB candidate was established.,No unambiguous exact FEDB candidate was established.,No unambiguous exact FEDB candidate was established.
Q0042,False,applicable,沙地云杉,内蒙古,干,True,0,no_exact_fedb_equation_match,no_candidate,,,False,False,10.0,D,unresolved,unresolved,unresolved,unresolved,unresolved,unresolved,No unambiguous exact FEDB candidate was established.,No unambiguous exact FEDB candidate was established.,No unambiguous exact FEDB candidate was established.
Q0043,False,applicable,榆树,内蒙古,干,True,0,no_exact_fedb_equation_match,no_candidate,,,False,False,12.0,D,unresolved,unresolved,unresolved,unresolved,unresolved,unresolved,No unambiguous exact FEDB candidate was established.,No unambiguous exact FEDB candidate was established.,No unambiguous exact FEDB candidate was established.
Q0044,False,applicable,榆树,内蒙古,粗根,True,0,no_exact_fedb_equation_match,no_candidate,,,False,False,15.0,D,unresolved,unresolved,unresolved,unresolved,unresolved,unresolved,No unambiguous exact FEDB candidate was established.,No unambiguous exact FEDB candidate was established.,No unambiguous exact FEDB candidate was established.
Q0045,True,inapplicable,白刺,内蒙古,地上生物量,True,0,no_exact_fedb_equation_match,no_candidate,,,False,False,,,unresolved,unresolved,unresolved,unresolved,unresolved,unresolved,No unambiguous exact FEDB candidate was established.,No unambiguous exact FEDB candidate was established.,No unambiguous exact FEDB candidate was established.
Q0046,True,inapplicable,沙蒿,内蒙古,地上生物量,True,0,no_exact_fedb_equation_match,no_candidate,,,False,False,,,unresolved,unresolved,unresolved,unresolved,unresolved,unresolved,No unambiguous exact FEDB candidate was established.,No unambiguous exact FEDB candidate was established.,No unambiguous exact FEDB candidate was established.
Q0047,False,applicable,梭梭,内蒙古,地上生物量,True,0,no_exact_fedb_equation_match,no_candidate,,,False,False,8.0,D,unresolved,unresolved,unresolved,unresolved,unresolved,unresolved,No unambiguous exact FEDB candidate was established.,No unambiguous exact FEDB candidate was established.,No unambiguous exact FEDB candidate was established.
Q0048,False,applicable,樟子松,内蒙古,根,True,1,unique_exact_fedb_equation_match,unique_equation,樟子松,半干旱区,True,False,,,unresolved,unresolved,pass,unresolved,unresolved,unresolved,Biomass components match exactly.,One or more required predictors were not observed in the available structured/query evidence; absence is not treated as proven omission.,Query DBH is not available.
Q0049,False,applicable,杉木,福州市,单位面积生物量,True,1,unique_exact_fedb_equation_match,unique_equation,杉木,福州市,True,True,,,unresolved,unresolved,pass,pass,unresolved,unresolved,Biomass components match exactly.,All deterministically identified required predictors are supplied.,Query DBH is not available.
Q0050,False,applicable,经济林,福州市,总生物量,True,1,unique_exact_fedb_equation_match,unique_equation,经济林,福州市,True,True,,,unresolved,unresolved,fail,pass,unresolved,fail,"Biomass-component mismatch: query='总生物量', equation='整株'.",All deterministically identified required predictors are supplied.,Query DBH is not available.
Q0051,False,applicable,马尾松,广东省公益林示范区,碳储量,False,0,benchmark_equation_missing,no_candidate,,,False,False,,,unresolved,unresolved,unresolved,unresolved,unresolved,unresolved,No unambiguous exact FEDB candidate was established.,No unambiguous exact FEDB candidate was established.,No unambiguous exact FEDB candidate was established.
Q0052,False,applicable,红松,黑龙江,地上生物量,True,1,unique_exact_fedb_equation_match,unique_equation,红松,东三省(黑龙江、吉林、辽宁),True,False,,,unresolved,unresolved,fail,pass,unresolved,fail,"Biomass-component mismatch: query='地上生物量', equation='地上'.",All deterministically identified required predictors are supplied.,Query DBH is not available.
Q0053,False,applicable,兴安落叶松,大兴安岭东部,枝,True,1,unique_exact_fedb_equation_match,unique_equation,兴安落叶松,大兴安岭东部,True,True,14.0,D,unresolved,unresolved,pass,pass,pass,unresolved,Biomass components match exactly.,All deterministically identified required predictors are supplied.,"DBH 14 cm is within documented range [5.1, 21.6] cm."
Q0054,False,applicable,马尾松,湖南湘西,树干,True,1,unique_exact_fedb_equation_match,unique_equation,马尾松,湖南湘西,True,True,18.0,D,unresolved,unresolved,fail,pass,unresolved,fail,"Biomass-component mismatch: query='树干', equation='干'.",All deterministically identified required predictors are supplied.,No machine-checkable documented DBH range could be established from size_class.
Q0055,False,applicable,马尾松林,安徽省,林分,True,1,unique_exact_fedb_equation_match,unique_equation,马尾松林,安徽省,True,True,,,unresolved,unresolved,fail,pass,unresolved,fail,"Biomass-component mismatch: query='林分', equation='材积'.",All deterministically identified required predictors are supplied.,Query DBH is not available.
Q0056,False,applicable,桉树,广西省,全株,True,1,unique_exact_fedb_equation_match,unique_equation,桉树,广西省,True,True,10.0,D,unresolved,unresolved,fail,pass,pass,fail,"Biomass-component mismatch: query='全株', equation='整株'.",All deterministically identified required predictors are supplied.,"DBH 10 cm is within documented range [3.2, 18.8] cm."
Q0057,False,applicable,八角,广西省,全株,True,1,unique_exact_fedb_equation_match,unique_equation,八角,广西省,True,True,8.0,D,unresolved,unresolved,fail,pass,pass,fail,"Biomass-component mismatch: query='全株', equation='整株'.",All deterministically identified required predictors are supplied.,"DBH 8 cm is within documented range [5.32, 16.6] cm."
Q0058,False,applicable,栎类,广西省,全株,True,1,unique_exact_fedb_equation_match,unique_equation,栎类,广西省,True,True,12.0,D,unresolved,unresolved,fail,pass,pass,fail,"Biomass-component mismatch: query='全株', equation='整株'.",All deterministically identified required predictors are supplied.,"DBH 12 cm is within documented range [3.52, 35.5] cm."
Q0059,False,applicable,硬阔,广西省,全株,True,1,unique_exact_fedb_equation_match,unique_equation,硬阔,广西省,True,True,15.0,D,unresolved,unresolved,fail,pass,pass,fail,"Biomass-component mismatch: query='全株', equation='整株'.",All deterministically identified required predictors are supplied.,"DBH 15 cm is within documented range [5.3, 32.83] cm."
Q0060,False,applicable,软阔,广西省,全株,True,1,unique_exact_fedb_equation_match,unique_equation,软阔,广西省,True,True,10.0,D,unresolved,unresolved,fail,pass,pass,fail,"Biomass-component mismatch: query='全株', equation='整株'.",All deterministically identified required predictors are supplied.,"DBH 10 cm is within documented range [6.31, 36.45] cm."
Q0061,False,applicable,石山林,广西省,全株,True,1,unique_exact_fedb_equation_match,unique_equation,石山林,广西省,True,True,6.0,D,unresolved,unresolved,fail,pass,pass,fail,"Biomass-component mismatch: query='全株', equation='整株'.",All deterministically identified required predictors are supplied.,"DBH 6 cm is within documented range [1, 24.85] cm."
Q0062,False,applicable,毛竹,广西省,全株,True,1,unique_exact_fedb_equation_match,unique_equation,毛竹,广西省,True,True,8.0,D,unresolved,unresolved,fail,pass,pass,fail,"Biomass-component mismatch: query='全株', equation='整株'.",All deterministically identified required predictors are supplied.,"DBH 8 cm is within documented range [4.29, 12.5] cm."
Q0063,False,applicable,丛生竹,广西省,全株,True,1,unique_exact_fedb_equation_match,unique_equation,丛生竹,广西省,True,True,5.0,D,unresolved,unresolved,fail,pass,pass,fail,"Biomass-component mismatch: query='全株', equation='整株'.",All deterministically identified required predictors are supplied.,"DBH 5 cm is within documented range [3.9, 11.64] cm."
Q0064,False,applicable,油茶,广西省,全株,True,1,unique_exact_fedb_equation_match,unique_equation,油茶,广西省,True,True,6.0,D,unresolved,unresolved,fail,pass,pass,fail,"Biomass-component mismatch: query='全株', equation='整株'.",All deterministically identified required predictors are supplied.,"DBH 6 cm is within documented range [3.7, 15.2] cm."
Q0065,False,applicable,栎类,广西省,林分,True,1,unique_exact_fedb_equation_match,unique_equation,栎类,广西省,True,True,,,unresolved,unresolved,fail,pass,unresolved,fail,"Biomass-component mismatch: query='林分', equation='材积'.",All deterministically identified required predictors are supplied.,Query DBH is not available.
Q0067,False,applicable,柏木,三峡库区,地上生物量,True,1,unique_exact_fedb_equation_match,unique_equation,柏木,三峡库区,True,True,10.0,D,unresolved,unresolved,fail,pass,pass,fail,"Biomass-component mismatch: query='地上生物量', equation='地上'.",All deterministically identified required predictors are supplied.,"DBH 10 cm is within documented range [1.3, 33.7] cm."
Q0068,True,inapplicable,云南松,云南省,生物量,True,0,no_exact_fedb_equation_match,no_candidate,,,False,False,,,unresolved,unresolved,unresolved,unresolved,unresolved,unresolved,No unambiguous exact FEDB candidate was established.,No unambiguous exact FEDB candidate was established.,No unambiguous exact FEDB candidate was established.
Q0069,False,applicable,华山松,云南省,碳储量,False,0,benchmark_equation_missing,no_candidate,,,False,False,,,unresolved,unresolved,unresolved,unresolved,unresolved,unresolved,No unambiguous exact FEDB candidate was established.,No unambiguous exact FEDB candidate was established.,No unambiguous exact FEDB candidate was established.
Q0071,False,applicable,云南松,云南省,碳储量,False,0,benchmark_equation_missing,no_candidate,,,False,False,,,unresolved,unresolved,unresolved,unresolved,unresolved,unresolved,No unambiguous exact FEDB candidate was established.,No unambiguous exact FEDB candidate was established.,No unambiguous exact FEDB candidate was established.
Q0072,False,applicable,栎类,浙江省永康市,单位面积生物量,True,0,no_exact_fedb_equation_match,no_candidate,,,False,False,,,unresolved,unresolved,unresolved,unresolved,unresolved,unresolved,No unambiguous exact FEDB candidate was established.,No unambiguous exact FEDB candidate was established.,No unambiguous exact FEDB candidate was established.
Q0073,False,applicable,灌木林,浙江省永康市,总生物量,True,2,multiple_exact_fedb_equation_matches,ambiguous_exact_equation,,,False,False,,,unresolved,unresolved,unresolved,unresolved,unresolved,unresolved,No unambiguous exact FEDB candidate was established.,No unambiguous exact FEDB candidate was established.,No unambiguous exact FEDB candidate was established.
Q0074,False,applicable,白蜡,北京妙峰山林场,整株生物量,True,0,no_exact_fedb_equation_match,no_candidate,,,False,False,,,unresolved,unresolved,unresolved,unresolved,unresolved,unresolved,No unambiguous exact FEDB candidate was established.,No unambiguous exact FEDB candidate was established.,No unambiguous exact FEDB candidate was established.
Q0075,False,applicable,鸡桑幼苗,北京妙峰山林场,整株生物量,True,0,no_exact_fedb_equation_match,no_candidate,,,False,False,2.0,D,unresolved,unresolved,unresolved,unresolved,unresolved,unresolved,No unambiguous exact FEDB candidate was established.,No unambiguous exact FEDB candidate was established.,No unambiguous exact FEDB candidate was established.
Q0076,False,applicable,三裂绣线菊,北京妙峰山林场,整株生物量,True,1,unique_exact_fedb_equation_match,unique_equation,三裂绣线菊,"北京妙峰山林场(北纬40°03'54"",东经116°05'45"")",True,False,1.0,D,unresolved,unresolved,fail,pass,unresolved,fail,"Biomass-component mismatch: query='整株生物量', equation='整株'.",All deterministically identified required predictors are supplied.,No machine-checkable documented DBH range could be established from size_class.
Q0077,False,applicable,五角枫,北京妙峰山林场,整株生物量,True,0,no_exact_fedb_equation_match,no_candidate,,,False,False,3.0,D,unresolved,unresolved,unresolved,unresolved,unresolved,unresolved,No unambiguous exact FEDB candidate was established.,No unambiguous exact FEDB candidate was established.,No unambiguous exact FEDB candidate was established.
Q0078,False,applicable,胡枝子,北京妙峰山林场,整株生物量,True,0,no_exact_fedb_equation_match,no_candidate,,,False,False,1.5,D,unresolved,unresolved,unresolved,unresolved,unresolved,unresolved,No unambiguous exact FEDB candidate was established.,No unambiguous exact FEDB candidate was established.,No unambiguous exact FEDB candidate was established.
Q0079,False,applicable,西伯利亚落叶松,新疆阿尔泰山地区,树干,True,1,unique_exact_fedb_equation_match,unique_equation,西伯利亚落叶松,新疆阿尔泰山地区,True,True,15.0,D,unresolved,unresolved,fail,pass,unresolved,fail,"Biomass-component mismatch: query='树干', equation='干'.",All deterministically identified required predictors are supplied.,No machine-checkable documented DBH range could be established from size_class.
Q0080,False,applicable,落叶松,河北木兰,整株生物量,True,0,no_exact_fedb_equation_match,no_candidate,,,False,False,12.0,D,unresolved,unresolved,unresolved,unresolved,unresolved,unresolved,No unambiguous exact FEDB candidate was established.,No unambiguous exact FEDB candidate was established.,No unambiguous exact FEDB candidate was established.
Q0081,False,applicable,落叶松,甘肃天水,整株生物量,True,0,no_exact_fedb_equation_match,no_candidate,,,False,False,10.0,D,unresolved,unresolved,unresolved,unresolved,unresolved,unresolved,No unambiguous exact FEDB candidate was established.,No unambiguous exact FEDB candidate was established.,No unambiguous exact FEDB candidate was established.
Q0082,False,applicable,软阔林,浙江省永康市,单位面积生物量,True,0,no_exact_fedb_equation_match,no_candidate,,,False,False,,,unresolved,unresolved,unresolved,unresolved,unresolved,unresolved,No unambiguous exact FEDB candidate was established.,No unambiguous exact FEDB candidate was established.,No unambiguous exact FEDB candidate was established.
Q0083,True,inapplicable,小花溲疏,北京妙峰山林场,整株生物量,True,0,no_exact_fedb_equation_match,no_candidate,,,False,False,,,unresolved,unresolved,unresolved,unresolved,unresolved,unresolved,No unambiguous exact FEDB candidate was established.,No unambiguous exact FEDB candidate was established.,No unambiguous exact FEDB candidate was established.
Q0084,True,inapplicable,黑枣,北京妙峰山林场,整株生物量,True,0,no_exact_fedb_equation_match,no_candidate,,,False,False,,,unresolved,unresolved,unresolved,unresolved,unresolved,unresolved,No unambiguous exact FEDB candidate was established.,No unambiguous exact FEDB candidate was established.,No unambiguous exact FEDB candidate was established.
Q0085,False,applicable,油松,河南伏牛山区,树干生物量,True,0,no_exact_fedb_equation_match,no_candidate,,,False,False,12.0,D,unresolved,unresolved,unresolved,unresolved,unresolved,unresolved,No unambiguous exact FEDB candidate was established.,No unambiguous exact FEDB candidate was established.,No unambiguous exact FEDB candidate was established.
Q0086,False,applicable,日本落叶松,河南伏牛山区,树枝生物量,True,1,unique_exact_fedb_equation_match,unique_equation,日本落叶松,河南伏牛山区,True,True,10.0,D,unresolved,unresolved,fail,pass,unresolved,fail,"Biomass-component mismatch: query='树枝生物量', equation='枝'.",All deterministically identified required predictors are supplied.,No machine-checkable documented DBH range could be established from size_class.
Q0087,False,applicable,华山松,河南伏牛山区,树根生物量,True,0,no_exact_fedb_equation_match,no_candidate,,,False,False,8.0,D,unresolved,unresolved,unresolved,unresolved,unresolved,unresolved,No unambiguous exact FEDB candidate was established.,No unambiguous exact FEDB candidate was established.,No unambiguous exact FEDB candidate was established.
Q0088,False,applicable,杉木,广西地区,地上生物量,True,1,unique_exact_fedb_equation_match,unique_equation,杉木,广西地区,True,True,14.0,D,unresolved,unresolved,fail,pass,unresolved,fail,"Biomass-component mismatch: query='地上生物量', equation='地上'.",All deterministically identified required predictors are supplied.,No machine-checkable documented DBH range could be established from size_class.
Q0089,False,applicable,桉树,广西地区,地下生物量,False,0,benchmark_equation_missing,no_candidate,,,False,False,,,unresolved,unresolved,unresolved,unresolved,unresolved,unresolved,No unambiguous exact FEDB candidate was established.,No unambiguous exact FEDB candidate was established.,No unambiguous exact FEDB candidate was established.
Q0090,False,applicable,落叶松,黑龙江,地上生物量,True,1,unique_exact_fedb_equation_match,unique_equation,落叶松,东北地区,True,False,15.0,D,unresolved,unresolved,fail,pass,unresolved,fail,"Biomass-component mismatch: query='地上生物量', equation='地上'.",All deterministically identified required predictors are supplied.,No machine-checkable documented DBH range could be established from size_class.
Q0091,False,applicable,红松,黑龙江,地下生物量,False,0,benchmark_equation_missing,no_candidate,,,False,False,,,unresolved,unresolved,unresolved,unresolved,unresolved,unresolved,No unambiguous exact FEDB candidate was established.,No unambiguous exact FEDB candidate was established.,No unambiguous exact FEDB candidate was established.
Q0092,False,applicable,黑松,青岛市,树干生物量,True,1,unique_exact_fedb_equation_match,unique_equation,黑松,青岛市,True,True,10.0,D,unresolved,unresolved,fail,pass,unresolved,fail,"Biomass-component mismatch: query='树干生物量', equation='干'.",All deterministically identified required predictors are supplied.,No machine-checkable documented DBH range could be established from size_class.
Q0093,False,applicable,杨树,青岛市,树叶生物量,True,1,unique_exact_fedb_equation_match,unique_equation,杨树,青岛市,True,True,12.0,D,unresolved,unresolved,fail,pass,unresolved,fail,"Biomass-component mismatch: query='树叶生物量', equation='叶'.",All deterministically identified required predictors are supplied.,No machine-checkable documented DBH range could be established from size_class.
Q0094,False,applicable,栎类,秦岭暖温带地区,地上生物量,True,1,unique_exact_fedb_equation_match,unique_equation,栎类,秦岭暖温带地区(海拔587-3391m),True,False,8.0,D,unresolved,unresolved,fail,pass,unresolved,fail,"Biomass-component mismatch: query='地上生物量', equation='地上'.",All deterministically identified required predictors are supplied.,No machine-checkable documented DBH range could be established from size_class.
Q0095,True,inapplicable,杉木,江西,地下生物量,False,0,benchmark_equation_missing,no_candidate,,,False,False,,,unresolved,unresolved,unresolved,unresolved,unresolved,unresolved,No unambiguous exact FEDB candidate was established.,No unambiguous exact FEDB candidate was established.,No unambiguous exact FEDB candidate was established.
Q0096,True,inapplicable,栎类,秦岭,地上生物量,False,0,benchmark_equation_missing,no_candidate,,,False,False,,,unresolved,unresolved,unresolved,unresolved,unresolved,unresolved,No unambiguous exact FEDB candidate was established.,No unambiguous exact FEDB candidate was established.,No unambiguous exact FEDB candidate was established.
Q0097,False,applicable,落叶松,秦岭暖温带地区,树干生物量,True,1,unique_exact_fedb_equation_match,unique_equation,落叶松,秦岭暖温带地区(海拔587-3391m),True,False,12.0,D,unresolved,unresolved,fail,pass,unresolved,fail,"Biomass-component mismatch: query='树干生物量', equation='干'.",All deterministically identified required predictors are supplied.,No machine-checkable documented DBH range could be established from size_class.
Q0098,False,applicable,暖温带落叶阔叶林,秦岭暖温带地区,树干生物量,True,1,unique_exact_fedb_equation_match,unique_equation,暖温带落叶阔叶林,秦岭暖温带地区(海拔587-3391m),True,False,8.0,D,unresolved,unresolved,fail,pass,unresolved,fail,"Biomass-component mismatch: query='树干生物量', equation='干'.",All deterministically identified required predictors are supplied.,No machine-checkable documented DBH range could be established from size_class.
Q0099,False,applicable,暖温带落叶阔叶林,秦岭暖温带地区,树干生物量,True,1,unique_exact_fedb_equation_match,unique_equation,暖温带落叶阔叶林,秦岭暖温带地区(海拔587-3391m),True,False,15.0,D,unresolved,unresolved,fail,pass,unresolved,fail,"Biomass-component mismatch: query='树干生物量', equation='干'.",All deterministically identified required predictors are supplied.,No machine-checkable documented DBH range could be established from size_class.
Q0100,False,applicable,油松,山东省,生物量,True,0,no_exact_fedb_equation_match,no_candidate,,,False,False,,,unresolved,unresolved,unresolved,unresolved,unresolved,unresolved,No unambiguous exact FEDB candidate was established.,No unambiguous exact FEDB candidate was established.,No unambiguous exact FEDB candidate was established.
Q0101,False,applicable,经济林,河南省,生物量,True,0,no_exact_fedb_equation_match,no_candidate,,,False,False,,,unresolved,unresolved,unresolved,unresolved,unresolved,unresolved,No unambiguous exact FEDB candidate was established.,No unambiguous exact FEDB candidate was established.,No unambiguous exact FEDB candidate was established.
Q0102,False,applicable,灌木林,江西省,生物量,True,0,no_exact_fedb_equation_match,no_candidate,,,False,False,,,unresolved,unresolved,unresolved,unresolved,unresolved,unresolved,No unambiguous exact FEDB candidate was established.,No unambiguous exact FEDB candidate was established.,No unambiguous exact FEDB candidate was established.
Q0103,False,applicable,红松,小兴安岭地区,干,True,0,no_exact_fedb_equation_match,no_candidate,,,False,False,15.0,D,unresolved,unresolved,unresolved,unresolved,unresolved,unresolved,No unambiguous exact FEDB candidate was established.,No unambiguous exact FEDB candidate was established.,No unambiguous exact FEDB candidate was established.
Q0104,False,applicable,罗伞,贵州,树干,True,0,no_exact_fedb_equation_match,no_candidate,,,False,False,10.0,D,unresolved,unresolved,unresolved,unresolved,unresolved,unresolved,No unambiguous exact FEDB candidate was established.,No unambiguous exact FEDB candidate was established.,No unambiguous exact FEDB candidate was established.
Q0105,True,inapplicable,暖温带落叶阔叶林,秦岭,树干生物量,False,0,benchmark_equation_missing,no_candidate,,,False,False,,,unresolved,unresolved,unresolved,unresolved,unresolved,unresolved,No unambiguous exact FEDB candidate was established.,No unambiguous exact FEDB candidate was established.,No unambiguous exact FEDB candidate was established.
Q0106,True,inapplicable,红松,北京,干,False,0,benchmark_equation_missing,no_candidate,,,False,False,,,unresolved,unresolved,unresolved,unresolved,unresolved,unresolved,No unambiguous exact FEDB candidate was established.,No unambiguous exact FEDB candidate was established.,No unambiguous exact FEDB candidate was established.
Q0107,False,applicable,山杨,小兴安岭地区,干,True,0,no_exact_fedb_equation_match,no_candidate,,,False,False,12.0,D,unresolved,unresolved,unresolved,unresolved,unresolved,unresolved,No unambiguous exact FEDB candidate was established.,No unambiguous exact FEDB candidate was established.,No unambiguous exact FEDB candidate was established.
Q0108,False,applicable,油杉,福建省,干,True,0,no_exact_fedb_equation_match,no_candidate,,,False,False,15.0,D,unresolved,unresolved,unresolved,unresolved,unresolved,unresolved,No unambiguous exact FEDB candidate was established.,No unambiguous exact FEDB candidate was established.,No unambiguous exact FEDB candidate was established.
Q0109,False,applicable,黑松,福建省,枝,True,0,no_exact_fedb_equation_match,no_candidate,,,False,False,10.0,D,unresolved,unresolved,unresolved,unresolved,unresolved,unresolved,No unambiguous exact FEDB candidate was established.,No unambiguous exact FEDB candidate was established.,No unambiguous exact FEDB candidate was established.
Q0110,False,applicable,马尾松,福建省,根,True,0,no_exact_fedb_equation_match,no_candidate,,,False,False,14.0,D,unresolved,unresolved,unresolved,unresolved,unresolved,unresolved,No unambiguous exact FEDB candidate was established.,No unambiguous exact FEDB candidate was established.,No unambiguous exact FEDB candidate was established.
Q0111,False,applicable,柳杉,福建省,叶,True,0,no_exact_fedb_equation_match,no_candidate,,,False,False,8.0,D,unresolved,unresolved,unresolved,unresolved,unresolved,unresolved,No unambiguous exact FEDB candidate was established.,No unambiguous exact FEDB candidate was established.,No unambiguous exact FEDB candidate was established.
Q0112,False,applicable,相思,福建省,全株,True,0,no_exact_fedb_equation_match,no_candidate,,,False,False,12.0,D,unresolved,unresolved,unresolved,unresolved,unresolved,unresolved,No unambiguous exact FEDB candidate was established.,No unambiguous exact FEDB candidate was established.,No unambiguous exact FEDB candidate was established.
Q0113,False,applicable,湿地松,福建省,干,True,0,no_exact_fedb_equation_match,no_candidate,,,False,False,16.0,D,unresolved,unresolved,unresolved,unresolved,unresolved,unresolved,No unambiguous exact FEDB candidate was established.,No unambiguous exact FEDB candidate was established.,No unambiguous exact FEDB candidate was established.
Q0114,False,applicable,其他硬阔类,福建省,根,True,0,no_exact_fedb_equation_match,no_candidate,,,False,False,10.0,D,unresolved,unresolved,unresolved,unresolved,unresolved,unresolved,No unambiguous exact FEDB candidate was established.,No unambiguous exact FEDB candidate was established.,No unambiguous exact FEDB candidate was established.
Q0115,True,inapplicable,山杨,北京,干,False,0,benchmark_equation_missing,no_candidate,,,False,False,,,unresolved,unresolved,unresolved,unresolved,unresolved,unresolved,No unambiguous exact FEDB candidate was established.,No unambiguous exact FEDB candidate was established.,No unambiguous exact FEDB candidate was established.
Q0116,False,applicable,落叶松,青海省,生物量,True,0,no_exact_fedb_equation_match,no_candidate,,,False,False,,,unresolved,unresolved,unresolved,unresolved,unresolved,unresolved,No unambiguous exact FEDB candidate was established.,No unambiguous exact FEDB candidate was established.,No unambiguous exact FEDB candidate was established.
Q0117,False,applicable,热带山地雨林,海南,地上生物量,True,0,no_exact_fedb_equation_match,no_candidate,,,False,False,15.0,D,unresolved,unresolved,unresolved,unresolved,unresolved,unresolved,No unambiguous exact FEDB candidate was established.,No unambiguous exact FEDB candidate was established.,No unambiguous exact FEDB candidate was established.
Q0118,False,applicable,兴安落叶松,大兴安岭,树干,True,0,no_exact_fedb_equation_match,no_candidate,,,False,False,14.0,D,unresolved,unresolved,unresolved,unresolved,unresolved,unresolved,No unambiguous exact FEDB candidate was established.,No unambiguous exact FEDB candidate was established.,No unambiguous exact FEDB candidate was established.
Q0119,False,applicable,云南松,西藏察隅县,干,True,0,no_exact_fedb_equation_match,no_candidate,,,False,False,10.0,D,unresolved,unresolved,unresolved,unresolved,unresolved,unresolved,No unambiguous exact FEDB candidate was established.,No unambiguous exact FEDB candidate was established.,No unambiguous exact FEDB candidate was established.
Q0120,False,applicable,天山云杉,天山地区,树干,True,0,no_exact_fedb_equation_match,no_candidate,,,False,False,12.0,D,unresolved,unresolved,unresolved,unresolved,unresolved,unresolved,No unambiguous exact FEDB candidate was established.,No unambiguous exact FEDB candidate was established.,No unambiguous exact FEDB candidate was established.
Q0121,False,applicable,栎类,江苏省,生物量,True,0,no_exact_fedb_equation_match,no_candidate,,,False,False,,,unresolved,unresolved,unresolved,unresolved,unresolved,unresolved,No unambiguous exact FEDB candidate was established.,No unambiguous exact FEDB candidate was established.,No unambiguous exact FEDB candidate was established.
Q0122,False,applicable,白桦,黑龙江,整株,True,0,no_exact_fedb_equation_match,no_candidate,,,False,False,2.0,D,unresolved,unresolved,unresolved,unresolved,unresolved,unresolved,No unambiguous exact FEDB candidate was established.,No unambiguous exact FEDB candidate was established.,No unambiguous exact FEDB candidate was established.
Q0123,False,applicable,红松,黑龙江,整株,True,0,no_exact_fedb_equation_match,no_candidate,,,False,False,1.5,D,unresolved,unresolved,unresolved,unresolved,unresolved,unresolved,No unambiguous exact FEDB candidate was established.,No unambiguous exact FEDB candidate was established.,No unambiguous exact FEDB candidate was established.
Q0124,True,inapplicable,云南松,四川,干,False,0,benchmark_equation_missing,no_candidate,,,False,False,,,unresolved,unresolved,unresolved,unresolved,unresolved,unresolved,No unambiguous exact FEDB candidate was established.,No unambiguous exact FEDB candidate was established.,No unambiguous exact FEDB candidate was established.
Q0125,True,inapplicable,水曲柳,东北地区,叶,False,0,benchmark_equation_missing,no_candidate,,,False,False,,,unresolved,unresolved,unresolved,unresolved,unresolved,unresolved,No unambiguous exact FEDB candidate was established.,No unambiguous exact FEDB candidate was established.,No unambiguous exact FEDB candidate was established.
Q0126,False,applicable,紫椴,黑龙江,整株,True,0,no_exact_fedb_equation_match,no_candidate,,,False,False,1.5,D,unresolved,unresolved,unresolved,unresolved,unresolved,unresolved,No unambiguous exact FEDB candidate was established.,No unambiguous exact FEDB candidate was established.,No unambiguous exact FEDB candidate was established.
Q0127,False,applicable,红松,黑龙江,树干,True,1,unique_exact_fedb_equation_match,unique_equation,红松,东北林区,True,False,25.0,D,unresolved,unresolved,fail,pass,pass,fail,"Biomass-component mismatch: query='树干', equation='干'.",All deterministically identified required predictors are supplied.,"DBH 25 cm is within documented range [7.3, 82] cm."
Q0128,False,applicable,针叶林,四川,干,True,0,no_exact_fedb_equation_match,no_candidate,,,False,False,18.0,D,unresolved,unresolved,unresolved,unresolved,unresolved,unresolved,No unambiguous exact FEDB candidate was established.,No unambiguous exact FEDB candidate was established.,No unambiguous exact FEDB candidate was established.
Q0129,False,applicable,阔叶林,青海,根,True,0,no_exact_fedb_equation_match,no_candidate,,,False,False,12.0,D,unresolved,unresolved,unresolved,unresolved,unresolved,unresolved,No unambiguous exact FEDB candidate was established.,No unambiguous exact FEDB candidate was established.,No unambiguous exact FEDB candidate was established.
Q0130,False,applicable,杉木,安徽省岭南,整株,True,0,no_exact_fedb_equation_match,no_candidate,,,False,False,12.0,D,unresolved,unresolved,unresolved,unresolved,unresolved,unresolved,No unambiguous exact FEDB candidate was established.,No unambiguous exact FEDB candidate was established.,No unambiguous exact FEDB candidate was established.
Q0131,False,applicable,马尾松,安徽省岭南,整株,True,0,no_exact_fedb_equation_match,no_candidate,,,False,False,10.0,D,unresolved,unresolved,unresolved,unresolved,unresolved,unresolved,No unambiguous exact FEDB candidate was established.,No unambiguous exact FEDB candidate was established.,No unambiguous exact FEDB candidate was established.
Q0132,False,applicable,黄樟,贵州,干材,True,0,no_exact_fedb_equation_match,no_candidate,,,False,False,8.0,D,unresolved,unresolved,unresolved,unresolved,unresolved,unresolved,No unambiguous exact FEDB candidate was established.,No unambiguous exact FEDB candidate was established.,No unambiguous exact FEDB candidate was established.
Q0133,False,applicable,日本落叶松,湖北,全树总量,True,0,no_exact_fedb_equation_match,no_candidate,,,False,False,14.0,D,unresolved,unresolved,unresolved,unresolved,unresolved,unresolved,No unambiguous exact FEDB candidate was established.,No unambiguous exact FEDB candidate was established.,No unambiguous exact FEDB candidate was established.
Q0134,True,inapplicable,红松,四川,树干,False,0,benchmark_equation_missing,no_candidate,,,False,False,,,unresolved,unresolved,unresolved,unresolved,unresolved,unresolved,No unambiguous exact FEDB candidate was established.,No unambiguous exact FEDB candidate was established.,No unambiguous exact FEDB candidate was established.
Q0135,True,inapplicable,马尾松,安徽岭南,整株,False,0,benchmark_equation_missing,no_candidate,,,False,False,,,unresolved,unresolved,unresolved,unresolved,unresolved,unresolved,No unambiguous exact FEDB candidate was established.,No unambiguous exact FEDB candidate was established.,No unambiguous exact FEDB candidate was established.
Q0136,False,applicable,日本落叶松,湖北,全树总量,True,0,no_exact_fedb_equation_match,no_candidate,,,False,False,16.0,D,unresolved,unresolved,unresolved,unresolved,unresolved,unresolved,No unambiguous exact FEDB candidate was established.,No unambiguous exact FEDB candidate was established.,No unambiguous exact FEDB candidate was established.
Q0137,False,applicable,杉木,湖北,全树总量,True,0,no_exact_fedb_equation_match,no_candidate,,,False,False,14.0,D,unresolved,unresolved,unresolved,unresolved,unresolved,unresolved,No unambiguous exact FEDB candidate was established.,No unambiguous exact FEDB candidate was established.,No unambiguous exact FEDB candidate was established.
Q0138,False,applicable,马尾松,湖北,全树总量,True,0,no_exact_fedb_equation_match,no_candidate,,,False,False,12.0,D,unresolved,unresolved,unresolved,unresolved,unresolved,unresolved,No unambiguous exact FEDB candidate was established.,No unambiguous exact FEDB candidate was established.,No unambiguous exact FEDB candidate was established.
Q0139,False,applicable,柳杉,湖北,全树总量,True,0,no_exact_fedb_equation_match,no_candidate,,,False,False,15.0,D,unresolved,unresolved,unresolved,unresolved,unresolved,unresolved,No unambiguous exact FEDB candidate was established.,No unambiguous exact FEDB candidate was established.,No unambiguous exact FEDB candidate was established.
Q0140,False,applicable,柏木,贵州,全树总量,True,0,no_exact_fedb_equation_match,no_candidate,,,False,False,8.0,D,unresolved,unresolved,unresolved,unresolved,unresolved,unresolved,No unambiguous exact FEDB candidate was established.,No unambiguous exact FEDB candidate was established.,No unambiguous exact FEDB candidate was established.
Q0141,False,applicable,麻栎,贵州,全树总量,True,0,no_exact_fedb_equation_match,no_candidate,,,False,False,10.0,D,unresolved,unresolved,unresolved,unresolved,unresolved,unresolved,No unambiguous exact FEDB candidate was established.,No unambiguous exact FEDB candidate was established.,No unambiguous exact FEDB candidate was established.
Q0142,False,applicable,兴安落叶松,黑龙江,地上部分总量,True,0,no_exact_fedb_equation_match,no_candidate,,,False,False,12.0,D,unresolved,unresolved,unresolved,unresolved,unresolved,unresolved,No unambiguous exact FEDB candidate was established.,No unambiguous exact FEDB candidate was established.,No unambiguous exact FEDB candidate was established.
Q0143,False,applicable,兴安落叶松,内蒙古,干材,True,0,no_exact_fedb_equation_match,no_candidate,,,False,False,18.0,D,unresolved,unresolved,unresolved,unresolved,unresolved,unresolved,No unambiguous exact FEDB candidate was established.,No unambiguous exact FEDB candidate was established.,No unambiguous exact FEDB candidate was established.
Q0144,False,applicable,栓皮栎,北京,地上部分总量,True,0,no_exact_fedb_equation_match,no_candidate,,,False,False,8.0,D,unresolved,unresolved,unresolved,unresolved,unresolved,unresolved,No unambiguous exact FEDB candidate was established.,No unambiguous exact FEDB candidate was established.,No unambiguous exact FEDB candidate was established.
Q0146,False,applicable,栓皮栎,北京,全树总量,True,0,no_exact_fedb_equation_match,no_candidate,,,False,False,8.0,D,unresolved,unresolved,unresolved,unresolved,unresolved,unresolved,No unambiguous exact FEDB candidate was established.,No unambiguous exact FEDB candidate was established.,No unambiguous exact FEDB candidate was established.
Q0147,False,applicable,油松,北京,全树总量,True,0,no_exact_fedb_equation_match,no_candidate,,,False,False,10.0,D,unresolved,unresolved,unresolved,unresolved,unresolved,unresolved,No unambiguous exact FEDB candidate was established.,No unambiguous exact FEDB candidate was established.,No unambiguous exact FEDB candidate was established.
Q0148,False,applicable,华北落叶松,山西,地上部分总量,True,0,no_exact_fedb_equation_match,no_candidate,,,False,False,6.0,D,unresolved,unresolved,unresolved,unresolved,unresolved,unresolved,No unambiguous exact FEDB candidate was established.,No unambiguous exact FEDB candidate was established.,No unambiguous exact FEDB candidate was established.
Q0149,False,applicable,红松,黑龙江,全树总量,True,0,no_exact_fedb_equation_match,no_candidate,,,False,False,8.0,D,unresolved,unresolved,unresolved,unresolved,unresolved,unresolved,No unambiguous exact FEDB candidate was established.,No unambiguous exact FEDB candidate was established.,No unambiguous exact FEDB candidate was established.
Q0150,False,applicable,红松,辽宁,全树总量,True,0,no_exact_fedb_equation_match,no_candidate,,,False,False,7.0,D,unresolved,unresolved,unresolved,unresolved,unresolved,unresolved,No unambiguous exact FEDB candidate was established.,No unambiguous exact FEDB candidate was established.,No unambiguous exact FEDB candidate was established.
Q0151,False,applicable,油松,北京,干材,True,0,no_exact_fedb_equation_match,no_candidate,,,False,False,12.0,D,unresolved,unresolved,unresolved,unresolved,unresolved,unresolved,No unambiguous exact FEDB candidate was established.,No unambiguous exact FEDB candidate was established.,No unambiguous exact FEDB candidate was established.
Q0152,False,applicable,栓皮栎,北京,地下部分总量,True,0,no_exact_fedb_equation_match,no_candidate,,,False,False,5.0,D,unresolved,unresolved,unresolved,unresolved,unresolved,unresolved,No unambiguous exact FEDB candidate was established.,No unambiguous exact FEDB candidate was established.,No unambiguous exact FEDB candidate was established.
Q0153,False,applicable,红松,黑龙江,叶总量,True,0,no_exact_fedb_equation_match,no_candidate,,,False,False,6.0,D,unresolved,unresolved,unresolved,unresolved,unresolved,unresolved,No unambiguous exact FEDB candidate was established.,No unambiguous exact FEDB candidate was established.,No unambiguous exact FEDB candidate was established.
Q0154,True,inapplicable,栓皮栎,北京,全树总量,False,0,benchmark_equation_missing,no_candidate,,,False,False,,,unresolved,unresolved,unresolved,unresolved,unresolved,unresolved,No unambiguous exact FEDB candidate was established.,No unambiguous exact FEDB candidate was established.,No unambiguous exact FEDB candidate was established.
Q0156,False,applicable,华山松,甘肃,干材,True,0,no_exact_fedb_equation_match,no_candidate,,,False,False,12.0,D,unresolved,unresolved,unresolved,unresolved,unresolved,unresolved,No unambiguous exact FEDB candidate was established.,No unambiguous exact FEDB candidate was established.,No unambiguous exact FEDB candidate was established.
Q0157,False,applicable,华山松,陕西,叶总量,True,0,no_exact_fedb_equation_match,no_candidate,,,False,False,10.0,D,unresolved,unresolved,unresolved,unresolved,unresolved,unresolved,No unambiguous exact FEDB candidate was established.,No unambiguous exact FEDB candidate was established.,No unambiguous exact FEDB candidate was established.
Q0158,False,applicable,杉木,湖南,干材,True,0,no_exact_fedb_equation_match,no_candidate,,,False,False,14.0,D,unresolved,unresolved,unresolved,unresolved,unresolved,unresolved,No unambiguous exact FEDB candidate was established.,No unambiguous exact FEDB candidate was established.,No unambiguous exact FEDB candidate was established.
Q0159,False,applicable,青冈,浙江,全树总量,True,0,no_exact_fedb_equation_match,no_candidate,,,False,False,10.0,D,unresolved,unresolved,unresolved,unresolved,unresolved,unresolved,No unambiguous exact FEDB candidate was established.,No unambiguous exact FEDB candidate was established.,No unambiguous exact FEDB candidate was established.
Q0160,False,applicable,石栎,浙江,全树总量,True,0,no_exact_fedb_equation_match,no_candidate,,,False,False,8.0,D,unresolved,unresolved,unresolved,unresolved,unresolved,unresolved,No unambiguous exact FEDB candidate was established.,No unambiguous exact FEDB candidate was established.,No unambiguous exact FEDB candidate was established.
Q0161,False,applicable,其他常绿阔叶树,浙江,地上部分总量,True,0,no_exact_fedb_equation_match,no_candidate,,,False,False,9.0,D,unresolved,unresolved,unresolved,unresolved,unresolved,unresolved,No unambiguous exact FEDB candidate was established.,No unambiguous exact FEDB candidate was established.,No unambiguous exact FEDB candidate was established.
Q0162,False,applicable,杉木,湖南,干皮,True,0,no_exact_fedb_equation_match,no_candidate,,,False,False,12.0,D,unresolved,unresolved,unresolved,unresolved,unresolved,unresolved,No unambiguous exact FEDB candidate was established.,No unambiguous exact FEDB candidate was established.,No unambiguous exact FEDB candidate was established.
Q0163,False,applicable,青冈,浙江,干总量,True,0,no_exact_fedb_equation_match,no_candidate,,,False,False,10.0,D,unresolved,unresolved,unresolved,unresolved,unresolved,unresolved,No unambiguous exact FEDB candidate was established.,No unambiguous exact FEDB candidate was established.,No unambiguous exact FEDB candidate was established.
Q0164,False,applicable,青冈,浙江,全树总量,True,0,no_exact_fedb_equation_match,no_candidate,,,False,False,8.0,D,unresolved,unresolved,unresolved,unresolved,unresolved,unresolved,No unambiguous exact FEDB candidate was established.,No unambiguous exact FEDB candidate was established.,No unambiguous exact FEDB candidate was established.
Q0165,False,applicable,石栎,浙江,全树总量,True,0,no_exact_fedb_equation_match,no_candidate,,,False,False,7.0,D,unresolved,unresolved,unresolved,unresolved,unresolved,unresolved,No unambiguous exact FEDB candidate was established.,No unambiguous exact FEDB candidate was established.,No unambiguous exact FEDB candidate was established.
Q0166,False,applicable,其他常绿阔叶树,浙江,全树总量,True,0,no_exact_fedb_equation_match,no_candidate,,,False,False,9.0,D,unresolved,unresolved,unresolved,unresolved,unresolved,unresolved,No unambiguous exact FEDB candidate was established.,No unambiguous exact FEDB candidate was established.,No unambiguous exact FEDB candidate was established.
Q0167,False,applicable,落叶栎类,浙江,全树总量,True,0,no_exact_fedb_equation_match,no_candidate,,,False,False,10.0,D,unresolved,unresolved,unresolved,unresolved,unresolved,unresolved,No unambiguous exact FEDB candidate was established.,No unambiguous exact FEDB candidate was established.,No unambiguous exact FEDB candidate was established.
Q0168,False,applicable,其他落叶阔叶树,浙江,全树总量,True,0,no_exact_fedb_equation_match,no_candidate,,,False,False,8.0,D,unresolved,unresolved,unresolved,unresolved,unresolved,unresolved,No unambiguous exact FEDB candidate was established.,No unambiguous exact FEDB candidate was established.,No unambiguous exact FEDB candidate was established.
Q0169,False,applicable,青冈(林下层),浙江,全树总量,True,0,no_exact_fedb_equation_match,no_candidate,,,False,False,3.0,D,unresolved,unresolved,unresolved,unresolved,unresolved,unresolved,No unambiguous exact FEDB candidate was established.,No unambiguous exact FEDB candidate was established.,No unambiguous exact FEDB candidate was established.
Q0170,False,applicable,其他常绿阔叶树(林下层),浙江,全树总量,True,0,no_exact_fedb_equation_match,no_candidate,,,False,False,2.5,D,unresolved,unresolved,unresolved,unresolved,unresolved,unresolved,No unambiguous exact FEDB candidate was established.,No unambiguous exact FEDB candidate was established.,No unambiguous exact FEDB candidate was established.
Q0171,False,applicable,青冈,浙江,干总量,True,0,no_exact_fedb_equation_match,no_candidate,,,False,False,8.0,D,unresolved,unresolved,unresolved,unresolved,unresolved,unresolved,No unambiguous exact FEDB candidate was established.,No unambiguous exact FEDB candidate was established.,No unambiguous exact FEDB candidate was established.
Q0172,True,inapplicable,青冈,浙江,全树总量,False,0,benchmark_equation_missing,no_candidate,,,False,False,,,unresolved,unresolved,unresolved,unresolved,unresolved,unresolved,No unambiguous exact FEDB candidate was established.,No unambiguous exact FEDB candidate was established.,No unambiguous exact FEDB candidate was established.
Q0173,True,inapplicable,石栎,江西,全树总量,False,0,benchmark_equation_missing,no_candidate,,,False,False,,,unresolved,unresolved,unresolved,unresolved,unresolved,unresolved,No unambiguous exact FEDB candidate was established.,No unambiguous exact FEDB candidate was established.,No unambiguous exact FEDB candidate was established.
Q0181,False,applicable,华北落叶松,陕西,干材,True,0,no_exact_fedb_equation_match,no_candidate,,,False,False,8.0,D,unresolved,unresolved,unresolved,unresolved,unresolved,unresolved,No unambiguous exact FEDB candidate was established.,No unambiguous exact FEDB candidate was established.,No unambiguous exact FEDB candidate was established.
Q0182,False,applicable,油松,陕西,叶总量,True,0,no_exact_fedb_equation_match,no_candidate,,,False,False,10.0,D,unresolved,unresolved,unresolved,unresolved,unresolved,unresolved,No unambiguous exact FEDB candidate was established.,No unambiguous exact FEDB candidate was established.,No unambiguous exact FEDB candidate was established.
Q0183,False,applicable,锐齿槲栎,陕西,干材,True,0,no_exact_fedb_equation_match,no_candidate,,,False,False,15.0,D,unresolved,unresolved,unresolved,unresolved,unresolved,unresolved,No unambiguous exact FEDB candidate was established.,No unambiguous exact FEDB candidate was established.,No unambiguous exact FEDB candidate was established.
Q0184,False,applicable,胡杨,新疆,全树总量,True,0,no_exact_fedb_equation_match,no_candidate,,,False,False,12.0,D,unresolved,unresolved,unresolved,unresolved,unresolved,unresolved,No unambiguous exact FEDB candidate was established.,No unambiguous exact FEDB candidate was established.,No unambiguous exact FEDB candidate was established.
Q0185,False,applicable,新疆杨,新疆,全树总量,True,0,no_exact_fedb_equation_match,no_candidate,,,False,False,10.0,D,unresolved,unresolved,unresolved,unresolved,unresolved,unresolved,No unambiguous exact FEDB candidate was established.,No unambiguous exact FEDB candidate was established.,No unambiguous exact FEDB candidate was established.
Q0186,False,applicable,马尾松,福建,干总量,True,0,no_exact_fedb_equation_match,no_candidate,,,False,False,14.0,D,unresolved,unresolved,unresolved,unresolved,unresolved,unresolved,No unambiguous exact FEDB candidate was established.,No unambiguous exact FEDB candidate was established.,No unambiguous exact FEDB candidate was established.
Q0188,False,applicable,马尾松,福建,树冠,True,0,no_exact_fedb_equation_match,no_candidate,,,False,False,12.0,D,unresolved,unresolved,unresolved,unresolved,unresolved,unresolved,No unambiguous exact FEDB candidate was established.,No unambiguous exact FEDB candidate was established.,No unambiguous exact FEDB candidate was established.
Q0189,False,applicable,竹柏,海南,全树总量,True,0,no_exact_fedb_equation_match,no_candidate,,,False,False,8.0,D,unresolved,unresolved,unresolved,unresolved,unresolved,unresolved,No unambiguous exact FEDB candidate was established.,No unambiguous exact FEDB candidate was established.,No unambiguous exact FEDB candidate was established.
Q0190,False,applicable,楠木,福建,全树总量,True,0,no_exact_fedb_equation_match,no_candidate,,,False,False,6.0,D,unresolved,unresolved,unresolved,unresolved,unresolved,unresolved,No unambiguous exact FEDB candidate was established.,No unambiguous exact FEDB candidate was established.,No unambiguous exact FEDB candidate was established.
Q0191,False,applicable,华北落叶松,山西,地上部分总量,True,0,no_exact_fedb_equation_match,no_candidate,,,False,False,10.0,D,unresolved,unresolved,unresolved,unresolved,unresolved,unresolved,No unambiguous exact FEDB candidate was established.,No unambiguous exact FEDB candidate was established.,No unambiguous exact FEDB candidate was established.
Q0192,False,applicable,侧柏,北京,干总量,True,0,no_exact_fedb_equation_match,no_candidate,,,False,False,7.0,D,unresolved,unresolved,unresolved,unresolved,unresolved,unresolved,No unambiguous exact FEDB candidate was established.,No unambiguous exact FEDB candidate was established.,No unambiguous exact FEDB candidate was established.
Q0193,False,applicable,尾巨桉,广西,干材,True,0,no_exact_fedb_equation_match,no_candidate,,,False,False,9.0,D,unresolved,unresolved,unresolved,unresolved,unresolved,unresolved,No unambiguous exact FEDB candidate was established.,No unambiguous exact FEDB candidate was established.,No unambiguous exact FEDB candidate was established.
Q0194,False,applicable,黄杞,湖南,干总量,True,0,no_exact_fedb_equation_match,no_candidate,,,False,False,10.0,D,unresolved,unresolved,unresolved,unresolved,unresolved,unresolved,No unambiguous exact FEDB candidate was established.,No unambiguous exact FEDB candidate was established.,No unambiguous exact FEDB candidate was established.
Q0195,False,applicable,兴安落叶松,内蒙古,全树总量,True,0,no_exact_fedb_equation_match,no_candidate,,,False,False,11.0,D,unresolved,unresolved,unresolved,unresolved,unresolved,unresolved,No unambiguous exact FEDB candidate was established.,No unambiguous exact FEDB candidate was established.,No unambiguous exact FEDB candidate was established.
Q0196,False,applicable,日本落叶松,甘肃,全树总量,True,0,no_exact_fedb_equation_match,no_candidate,,,False,False,8.0,D,unresolved,unresolved,unresolved,unresolved,unresolved,unresolved,No unambiguous exact FEDB candidate was established.,No unambiguous exact FEDB candidate was established.,No unambiguous exact FEDB candidate was established.
Q0197,False,applicable,华山松,甘肃,全树总量,True,0,no_exact_fedb_equation_match,no_candidate,,,False,False,9.0,D,unresolved,unresolved,unresolved,unresolved,unresolved,unresolved,No unambiguous exact FEDB candidate was established.,No unambiguous exact FEDB candidate was established.,No unambiguous exact FEDB candidate was established.
Q0198,True,inapplicable,侧柏,北京,干总量,False,0,benchmark_equation_missing,no_candidate,,,False,False,,,unresolved,unresolved,unresolved,unresolved,unresolved,unresolved,No unambiguous exact FEDB candidate was established.,No unambiguous exact FEDB candidate was established.,No unambiguous exact FEDB candidate was established.
Q0199,False,applicable,华山松,甘肃,全树总量,True,0,no_exact_fedb_equation_match,no_candidate,,,False,False,12.0,D,unresolved,unresolved,unresolved,unresolved,unresolved,unresolved,No unambiguous exact FEDB candidate was established.,No unambiguous exact FEDB candidate was established.,No unambiguous exact FEDB candidate was established.
Q0200,False,applicable,油松,甘肃,全树总量,True,0,no_exact_fedb_equation_match,no_candidate,,,False,False,10.0,D,unresolved,unresolved,unresolved,unresolved,unresolved,unresolved,No unambiguous exact FEDB candidate was established.,No unambiguous exact FEDB candidate was established.,No unambiguous exact FEDB candidate was established.
Q0201,False,applicable,通用方程,甘肃,全树总量,True,0,no_exact_fedb_equation_match,no_candidate,,,False,False,8.0,D,unresolved,unresolved,unresolved,unresolved,unresolved,unresolved,No unambiguous exact FEDB candidate was established.,No unambiguous exact FEDB candidate was established.,No unambiguous exact FEDB candidate was established.
Q0202,False,applicable,油松,山西,地上部分总量,True,0,no_exact_fedb_equation_match,no_candidate,,,False,False,14.0,D,unresolved,unresolved,unresolved,unresolved,unresolved,unresolved,No unambiguous exact FEDB candidate was established.,No unambiguous exact FEDB candidate was established.,No unambiguous exact FEDB candidate was established.
Q0203,False,applicable,木荷,福建,地上部分总量,True,0,no_exact_fedb_equation_match,no_candidate,,,False,False,9.0,D,unresolved,unresolved,unresolved,unresolved,unresolved,unresolved,No unambiguous exact FEDB candidate was established.,No unambiguous exact FEDB candidate was established.,No unambiguous exact FEDB candidate was established.
Q0204,False,applicable,白桦,内蒙古,干材,True,0,no_exact_fedb_equation_match,no_candidate,,,False,False,5.0,D,unresolved,unresolved,unresolved,unresolved,unresolved,unresolved,No unambiguous exact FEDB candidate was established.,No unambiguous exact FEDB candidate was established.,No unambiguous exact FEDB candidate was established.
Q0207,False,applicable,云南松,云南,枝总量,True,0,no_exact_fedb_equation_match,no_candidate,,,False,False,,,unresolved,unresolved,unresolved,unresolved,unresolved,unresolved,No unambiguous exact FEDB candidate was established.,No unambiguous exact FEDB candidate was established.,No unambiguous exact FEDB candidate was established.
Q0208,True,inapplicable,木荷,福建,地上部分总量,False,0,benchmark_equation_missing,no_candidate,,,False,False,,,unresolved,unresolved,unresolved,unresolved,unresolved,unresolved,No unambiguous exact FEDB candidate was established.,No unambiguous exact FEDB candidate was established.,No unambiguous exact FEDB candidate was established.
Q0209,False,applicable,杉木,湖南,果实,True,1,unique_exact_fedb_equation_match,unique_equation,杉木,湖南,True,True,,,unresolved,unresolved,pass,pass,unresolved,unresolved,Biomass components match exactly.,All deterministically identified required predictors are supplied.,Query DBH is not available.
Q0210,False,applicable,杉木,湖南,地下部分总量,True,1,unique_exact_fedb_equation_match,unique_equation,杉木,湖南,True,True,,,unresolved,unresolved,fail,pass,unresolved,fail,"Biomass-component mismatch: query='地下部分总量', equation='地下'.",All deterministically identified required predictors are supplied.,Query DBH is not available.
Q0211,False,applicable,通用方程,湖南,干总量,True,1,unique_exact_fedb_equation_match,unique_equation,通用方程,湖南,True,True,,,unresolved,unresolved,fail,pass,unresolved,fail,"Biomass-component mismatch: query='干总量', equation='干'.",All deterministically identified required predictors are supplied.,Query DBH is not available.
Q0212,True,inapplicable,马尾松,湖南,叶总量,False,0,benchmark_equation_missing,no_candidate,,,False,False,,,unresolved,unresolved,unresolved,unresolved,unresolved,unresolved,No unambiguous exact FEDB candidate was established.,No unambiguous exact FEDB candidate was established.,No unambiguous exact FEDB candidate was established.
Q0213,True,inapplicable,杉木,湖南,果实,False,0,benchmark_equation_missing,no_candidate,,,False,False,,,unresolved,unresolved,unresolved,unresolved,unresolved,unresolved,No unambiguous exact FEDB candidate was established.,No unambiguous exact FEDB candidate was established.,No unambiguous exact FEDB candidate was established.
Q0214,True,inapplicable,木荚红豆,福建,干总量,False,0,benchmark_equation_missing,no_candidate,,,False,False,,,unresolved,unresolved,unresolved,unresolved,unresolved,unresolved,No unambiguous exact FEDB candidate was established.,No unambiguous exact FEDB candidate was established.,No unambiguous exact FEDB candidate was established.
Q0215,True,inapplicable,红松,辽宁,干总量,False,0,benchmark_equation_missing,no_candidate,,,False,False,,,unresolved,unresolved,unresolved,unresolved,unresolved,unresolved,No unambiguous exact FEDB candidate was established.,No unambiguous exact FEDB candidate was established.,No unambiguous exact FEDB candidate was established.
Q0216,True,inapplicable,马尾松,广东,地上部分总量,False,0,benchmark_equation_missing,no_candidate,,,False,False,,,unresolved,unresolved,unresolved,unresolved,unresolved,unresolved,No unambiguous exact FEDB candidate was established.,No unambiguous exact FEDB candidate was established.,No unambiguous exact FEDB candidate was established.
Q0217,False,applicable,红松,黑龙江,干材,True,1,unique_exact_fedb_equation_match,unique_equation,红松,黑龙江,True,True,,,unresolved,unresolved,fail,pass,unresolved,fail,"Biomass-component mismatch: query='干材', equation='干'.",All deterministically identified required predictors are supplied.,Query DBH is not available.
Q0218,False,applicable,通用方程,安徽,叶总量,True,1,unique_exact_fedb_equation_match,unique_equation,通用方程,安徽,True,True,,,unresolved,unresolved,fail,pass,unresolved,fail,"Biomass-component mismatch: query='叶总量', equation='叶'.",All deterministically identified required predictors are supplied.,Query DBH is not available.
Q0219,False,applicable,红松,黑龙江,枝总量,True,1,unique_exact_fedb_equation_match,unique_equation,红松,黑龙江,True,True,,,unresolved,unresolved,fail,pass,unresolved,fail,"Biomass-component mismatch: query='枝总量', equation='枝'.",All deterministically identified required predictors are supplied.,Query DBH is not available.
Q0220,False,applicable,马尾松,贵州,干材,True,1,unique_exact_fedb_equation_match,unique_equation,马尾松,贵州,True,True,,,unresolved,unresolved,fail,pass,unresolved,fail,"Biomass-component mismatch: query='干材', equation='干'.",All deterministically identified required predictors are supplied.,Query DBH is not available.
Q0221,False,applicable,红松,黑龙江,干总量,True,1,unique_exact_fedb_equation_match,unique_equation,红松,黑龙江,True,True,,,unresolved,unresolved,fail,pass,unresolved,fail,"Biomass-component mismatch: query='干总量', equation='干'.",All deterministically identified required predictors are supplied.,Query DBH is not available.
Q0222,False,applicable,通用方程,安徽,干材,True,1,unique_exact_fedb_equation_match,unique_equation,通用方程,安徽,True,True,,,unresolved,unresolved,fail,pass,unresolved,fail,"Biomass-component mismatch: query='干材', equation='干'.",All deterministically identified required predictors are supplied.,Query DBH is not available.
Q0223,False,applicable,通用方程,安徽,干材,True,1,unique_exact_fedb_equation_match,unique_equation,通用方程,安徽,True,True,,,unresolved,unresolved,fail,pass,unresolved,fail,"Biomass-component mismatch: query='干材', equation='干'.",All deterministically identified required predictors are supplied.,Query DBH is not available.
Q0224,False,applicable,杉木,湖南,果实,True,1,unique_exact_fedb_equation_match,unique_equation,杉木,湖南,True,True,,,unresolved,unresolved,pass,pass,unresolved,unresolved,Biomass components match exactly.,All deterministically identified required predictors are supplied.,Query DBH is not available.
Q0225,False,applicable,马尾松,贵州,全树总量,True,0,no_exact_fedb_equation_match,no_candidate,,,False,False,,,unresolved,unresolved,unresolved,unresolved,unresolved,unresolved,No unambiguous exact FEDB candidate was established.,No unambiguous exact FEDB candidate was established.,No unambiguous exact FEDB candidate was established.
Q0226,False,applicable,红松,黑龙江,干总量,True,1,unique_exact_fedb_equation_match,unique_equation,红松,黑龙江,True,True,,,unresolved,unresolved,fail,pass,unresolved,fail,"Biomass-component mismatch: query='干总量', equation='干'.",All deterministically identified required predictors are supplied.,Query DBH is not available.
Q0227,False,applicable,通用方程,安徽,干材,True,1,unique_exact_fedb_equation_match,unique_equation,通用方程,安徽,True,True,,,unresolved,unresolved,fail,pass,unresolved,fail,"Biomass-component mismatch: query='干材', equation='干'.",All deterministically identified required predictors are supplied.,Query DBH is not available.
Q0228,False,applicable,红松,黑龙江,干材,True,1,unique_exact_fedb_equation_match,unique_equation,红松,黑龙江,True,True,,,unresolved,unresolved,fail,pass,unresolved,fail,"Biomass-component mismatch: query='干材', equation='干'.",All deterministically identified required predictors are supplied.,Query DBH is not available.
Q0229,False,applicable,红松,黑龙江,根系,True,0,no_exact_fedb_equation_match,no_candidate,,,False,False,,,unresolved,unresolved,unresolved,unresolved,unresolved,unresolved,No unambiguous exact FEDB candidate was established.,No unambiguous exact FEDB candidate was established.,No unambiguous exact FEDB candidate was established.
Q0230,False,applicable,红松,黑龙江,叶总量,True,1,unique_exact_fedb_equation_match,unique_equation,红松,黑龙江,True,True,,,unresolved,unresolved,fail,pass,unresolved,fail,"Biomass-component mismatch: query='叶总量', equation='叶'.",All deterministically identified required predictors are supplied.,Query DBH is not available.
Q0231,True,inapplicable,红松,黑龙江,果实,False,0,benchmark_equation_missing,no_candidate,,,False,False,,,unresolved,unresolved,unresolved,unresolved,unresolved,unresolved,No unambiguous exact FEDB candidate was established.,No unambiguous exact FEDB candidate was established.,No unambiguous exact FEDB candidate was established.
Q0232,True,inapplicable,杉木,湖南,果实,False,0,benchmark_equation_missing,no_candidate,,,False,False,,,unresolved,unresolved,unresolved,unresolved,unresolved,unresolved,No unambiguous exact FEDB candidate was established.,No unambiguous exact FEDB candidate was established.,No unambiguous exact FEDB candidate was established.
Q0233,False,applicable,马尾松,贵州,干材,True,1,unique_exact_fedb_equation_match,unique_equation,马尾松,贵州,True,True,,,unresolved,unresolved,fail,unresolved,unresolved,fail,"Biomass-component mismatch: query='干材', equation='干'.",One or more required predictors were not observed in the available structured/query evidence; absence is not treated as proven omission.,Query DBH is not available.
Q0234,False,applicable,红松,黑龙江,干总量,True,1,unique_exact_fedb_equation_match,unique_equation,红松,黑龙江,True,True,,,unresolved,unresolved,fail,pass,unresolved,fail,"Biomass-component mismatch: query='干总量', equation='干'.",All deterministically identified required predictors are supplied.,Query DBH is not available.
Q0235,False,applicable,混交林,湖南,林分生物量,True,0,no_exact_fedb_equation_match,no_candidate,,,False,False,,,unresolved,unresolved,unresolved,unresolved,unresolved,unresolved,No unambiguous exact FEDB candidate was established.,No unambiguous exact FEDB candidate was established.,No unambiguous exact FEDB candidate was established.
Q0236,False,applicable,马尾松,贵州,干材,True,1,unique_exact_fedb_equation_match,unique_equation,马尾松,贵州,True,True,,,unresolved,unresolved,fail,pass,unresolved,fail,"Biomass-component mismatch: query='干材', equation='干'.",All deterministically identified required predictors are supplied.,Query DBH is not available.
Q0237,True,inapplicable,杉木,湖南,叶总量,False,0,benchmark_equation_missing,no_candidate,,,False,False,,,unresolved,unresolved,unresolved,unresolved,unresolved,unresolved,No unambiguous exact FEDB candidate was established.,No unambiguous exact FEDB candidate was established.,No unambiguous exact FEDB candidate was established.
Q0238,False,applicable,通用方程,安徽,干材,True,1,unique_exact_fedb_equation_match,unique_equation,通用方程,安徽,True,True,,,unresolved,unresolved,fail,unresolved,unresolved,fail,"Biomass-component mismatch: query='干材', equation='干'.",One or more required predictors were not observed in the available structured/query evidence; absence is not treated as proven omission.,Query DBH is not available.
Q0239,False,applicable,急尖长苞冷杉,西藏,全树总量,True,0,no_exact_fedb_equation_match,no_candidate,,,False,False,18.0,D,unresolved,unresolved,unresolved,unresolved,unresolved,unresolved,No unambiguous exact FEDB candidate was established.,No unambiguous exact FEDB candidate was established.,No unambiguous exact FEDB candidate was established.
Q0240,False,applicable,杉木,湖南,干材,True,0,no_exact_fedb_equation_match,no_candidate,,,False,False,12.0,D,unresolved,unresolved,unresolved,unresolved,unresolved,unresolved,No unambiguous exact FEDB candidate was established.,No unambiguous exact FEDB candidate was established.,No unambiguous exact FEDB candidate was established.
Q0241,False,applicable,青海云杉,青海,干材,True,0,no_exact_fedb_equation_match,no_candidate,,,False,False,15.0,D,unresolved,unresolved,unresolved,unresolved,unresolved,unresolved,No unambiguous exact FEDB candidate was established.,No unambiguous exact FEDB candidate was established.,No unambiguous exact FEDB candidate was established.
Q0242,False,applicable,水杉,江苏,干总量,True,0,no_exact_fedb_equation_match,no_candidate,,,False,False,8.0,D,unresolved,unresolved,unresolved,unresolved,unresolved,unresolved,No unambiguous exact FEDB candidate was established.,No unambiguous exact FEDB candidate was established.,No unambiguous exact FEDB candidate was established.
Q0243,False,applicable,橡胶树,云南,全树总量,True,0,no_exact_fedb_equation_match,no_candidate,,,False,False,22.0,D,unresolved,unresolved,unresolved,unresolved,unresolved,unresolved,No unambiguous exact FEDB candidate was established.,No unambiguous exact FEDB candidate was established.,No unambiguous exact FEDB candidate was established.
Q0244,False,applicable,油松,内蒙古,干材,True,0,no_exact_fedb_equation_match,no_candidate,,,False,False,12.0,D,unresolved,unresolved,unresolved,unresolved,unresolved,unresolved,No unambiguous exact FEDB candidate was established.,No unambiguous exact FEDB candidate was established.,No unambiguous exact FEDB candidate was established.
Q0245,False,applicable,兴安落叶松,内蒙古,干总量,True,0,no_exact_fedb_equation_match,no_candidate,,,False,False,10.0,D,unresolved,unresolved,unresolved,unresolved,unresolved,unresolved,No unambiguous exact FEDB candidate was established.,No unambiguous exact FEDB candidate was established.,No unambiguous exact FEDB candidate was established.
Q0246,False,applicable,混交林种(直径>20cm),云南西双版纳,全树总量,True,0,no_exact_fedb_equation_match,no_candidate,,,False,False,30.0,D,unresolved,unresolved,unresolved,unresolved,unresolved,unresolved,No unambiguous exact FEDB candidate was established.,No unambiguous exact FEDB candidate was established.,No unambiguous exact FEDB candidate was established.
Q0247,False,applicable,榕树,云南西双版纳,干总量,True,0,no_exact_fedb_equation_match,no_candidate,,,False,False,8.0,D,unresolved,unresolved,unresolved,unresolved,unresolved,unresolved,No unambiguous exact FEDB candidate was established.,No unambiguous exact FEDB candidate was established.,No unambiguous exact FEDB candidate was established.
Q0248,True,inapplicable,橡胶树,云南,全树总量,False,0,benchmark_equation_missing,no_candidate,,,False,False,,,unresolved,unresolved,unresolved,unresolved,unresolved,unresolved,No unambiguous exact FEDB candidate was established.,No unambiguous exact FEDB candidate was established.,No unambiguous exact FEDB candidate was established.
Q0249,False,applicable,杉木,湖南,干材,True,0,no_exact_fedb_equation_match,no_candidate,,,False,False,12.0,D,unresolved,unresolved,unresolved,unresolved,unresolved,unresolved,No unambiguous exact FEDB candidate was established.,No unambiguous exact FEDB candidate was established.,No unambiguous exact FEDB candidate was established.
Q0250,False,applicable,油松,河北,全树总量,True,0,no_exact_fedb_equation_match,no_candidate,,,False,False,8.0,D,unresolved,unresolved,unresolved,unresolved,unresolved,unresolved,No unambiguous exact FEDB candidate was established.,No unambiguous exact FEDB candidate was established.,No unambiguous exact FEDB candidate was established.
Q0251,False,applicable,亮叶桦,贵州,全树总量,True,0,no_exact_fedb_equation_match,no_candidate,,,False,False,10.0,D,unresolved,unresolved,unresolved,unresolved,unresolved,unresolved,No unambiguous exact FEDB candidate was established.,No unambiguous exact FEDB candidate was established.,No unambiguous exact FEDB candidate was established.
Q0252,False,applicable,水杉,浙江,全树总量,True,0,no_exact_fedb_equation_match,no_candidate,,,False,False,14.0,D,unresolved,unresolved,unresolved,unresolved,unresolved,unresolved,No unambiguous exact FEDB candidate was established.,No unambiguous exact FEDB candidate was established.,No unambiguous exact FEDB candidate was established.
Q0253,False,applicable,杉木,广东,干材,True,0,no_exact_fedb_equation_match,no_candidate,,,False,False,9.0,D,unresolved,unresolved,unresolved,unresolved,unresolved,unresolved,No unambiguous exact FEDB candidate was established.,No unambiguous exact FEDB candidate was established.,No unambiguous exact FEDB candidate was established.
Q0254,False,applicable,耳荚相思,云南干热河谷,全树总量,True,0,no_exact_fedb_equation_match,no_candidate,,,False,False,4.0,D,unresolved,unresolved,unresolved,unresolved,unresolved,unresolved,No unambiguous exact FEDB candidate was established.,No unambiguous exact FEDB candidate was established.,No unambiguous exact FEDB candidate was established.
Q0256,False,applicable,樟树,湖南长沙,枝总量,True,0,no_exact_fedb_equation_match,no_candidate,,,False,False,15.0,D,unresolved,unresolved,unresolved,unresolved,unresolved,unresolved,No unambiguous exact FEDB candidate was established.,No unambiguous exact FEDB candidate was established.,No unambiguous exact FEDB candidate was established.
Q0257,True,inapplicable,油松,河北,全树总量,False,0,benchmark_equation_missing,no_candidate,,,False,False,,,unresolved,unresolved,unresolved,unresolved,unresolved,unresolved,No unambiguous exact FEDB candidate was established.,No unambiguous exact FEDB candidate was established.,No unambiguous exact FEDB candidate was established.
Q0258,False,applicable,油松,甘肃,干材,True,1,unique_exact_fedb_equation_match,unique_equation,油松,甘肃,True,True,,,unresolved,unresolved,fail,pass,unresolved,fail,"Biomass-component mismatch: query='干材', equation='干'.",All deterministically identified required predictors are supplied.,Query DBH is not available.
Q0259,False,applicable,甜槠,浙江,干材,True,1,unique_exact_fedb_equation_match,unique_equation,甜槠,浙江,True,True,,,unresolved,unresolved,fail,pass,unresolved,fail,"Biomass-component mismatch: query='干材', equation='干'.",All deterministically identified required predictors are supplied.,Query DBH is not available.
Q0260,False,applicable,浙江阔叶混交林,浙江,地上部分总量,True,0,no_exact_fedb_equation_match,no_candidate,,,False,False,,,unresolved,unresolved,unresolved,unresolved,unresolved,unresolved,No unambiguous exact FEDB candidate was established.,No unambiguous exact FEDB candidate was established.,No unambiguous exact FEDB candidate was established.
Q0261,False,applicable,长白落叶松,黑龙江,干总量,True,1,unique_exact_fedb_equation_match,unique_equation,长白落叶松,黑龙江,True,True,,,unresolved,unresolved,fail,pass,unresolved,fail,"Biomass-component mismatch: query='干总量', equation='干'.",All deterministically identified required predictors are supplied.,Query DBH is not available.
Q0262,True,inapplicable,油松,甘肃,叶总量,False,0,benchmark_equation_missing,no_candidate,,,False,False,,,unresolved,unresolved,unresolved,unresolved,unresolved,unresolved,No unambiguous exact FEDB candidate was established.,No unambiguous exact FEDB candidate was established.,No unambiguous exact FEDB candidate was established.
Q0263,False,applicable,甜槠,浙江,干材,True,1,unique_exact_fedb_equation_match,unique_equation,甜槠,浙江,True,True,,,unresolved,unresolved,fail,pass,unresolved,fail,"Biomass-component mismatch: query='干材', equation='干'.",All deterministically identified required predictors are supplied.,Query DBH is not available.
Q0264,False,applicable,毛白杨,河南,全树总量,True,1,unique_exact_fedb_equation_match,unique_equation,毛白杨,河南,True,True,,,unresolved,unresolved,fail,pass,unresolved,fail,"Biomass-component mismatch: query='全树总量', equation='整株'.",All deterministically identified required predictors are supplied.,Query DBH is not available.
Q0265,True,inapplicable,马尾松,广西,干材,False,0,benchmark_equation_missing,no_candidate,,,False,False,,,unresolved,unresolved,unresolved,unresolved,unresolved,unresolved,No unambiguous exact FEDB candidate was established.,No unambiguous exact FEDB candidate was established.,No unambiguous exact FEDB candidate was established.
Q0266,False,applicable,甜槠,浙江,枝总量,True,0,no_exact_fedb_equation_match,no_candidate,,,False,False,,,unresolved,unresolved,unresolved,unresolved,unresolved,unresolved,No unambiguous exact FEDB candidate was established.,No unambiguous exact FEDB candidate was established.,No unambiguous exact FEDB candidate was established.
Q0267,False,applicable,油松,甘肃,全树总量,True,1,unique_exact_fedb_equation_match,unique_equation,油松,甘肃,True,True,,,unresolved,unresolved,fail,pass,unresolved,fail,"Biomass-component mismatch: query='全树总量', equation='整株'.",All deterministically identified required predictors are supplied.,Query DBH is not available.
Q0268,False,applicable,油松,甘肃,干材,True,1,unique_exact_fedb_equation_match,unique_equation,油松,甘肃,True,True,,,unresolved,unresolved,fail,pass,unresolved,fail,"Biomass-component mismatch: query='干材', equation='干'.",All deterministically identified required predictors are supplied.,Query DBH is not available.
Q0269,False,applicable,马尾松,湖南,干总量,True,0,no_exact_fedb_equation_match,no_candidate,,,False,False,,,unresolved,unresolved,unresolved,unresolved,unresolved,unresolved,No unambiguous exact FEDB candidate was established.,No unambiguous exact FEDB candidate was established.,No unambiguous exact FEDB candidate was established.
Q0270,False,applicable,小黑杨,山西,地上部分总量,True,0,no_exact_fedb_equation_match,no_candidate,,,False,False,,,unresolved,unresolved,unresolved,unresolved,unresolved,unresolved,No unambiguous exact FEDB candidate was established.,No unambiguous exact FEDB candidate was established.,No unambiguous exact FEDB candidate was established.
Q0271,False,applicable,急尖长苞冷杉,西藏,干材,True,1,unique_exact_fedb_equation_match,unique_equation,急尖长苞冷杉,西藏,True,True,,,unresolved,unresolved,fail,pass,unresolved,fail,"Biomass-component mismatch: query='干材', equation='干'.",All deterministically identified required predictors are supplied.,Query DBH is not available.
Q0272,False,applicable,马尾松,广西,干总量,True,2,multiple_exact_fedb_equation_matches,ambiguous_exact_equation,,,False,False,,,unresolved,unresolved,unresolved,unresolved,unresolved,unresolved,No unambiguous exact FEDB candidate was established.,No unambiguous exact FEDB candidate was established.,No unambiguous exact FEDB candidate was established.
Q0273,True,inapplicable,油松,海南,干材,False,0,benchmark_equation_missing,no_candidate,,,False,False,,,unresolved,unresolved,unresolved,unresolved,unresolved,unresolved,No unambiguous exact FEDB candidate was established.,No unambiguous exact FEDB candidate was established.,No unambiguous exact FEDB candidate was established.
Q0274,False,applicable,油松,北京,干材,True,1,unique_exact_fedb_equation_match,unique_equation,油松,北京,True,True,,,unresolved,unresolved,fail,pass,unresolved,fail,"Biomass-component mismatch: query='干材', equation='干'.",All deterministically identified required predictors are supplied.,Query DBH is not available.
Q0275,False,applicable,杉木,福建,干材,True,1,unique_exact_fedb_equation_match,unique_equation,杉木,福建,True,True,,,unresolved,unresolved,fail,pass,unresolved,fail,"Biomass-component mismatch: query='干材', equation='干'.",All deterministically identified required predictors are supplied.,Query DBH is not available.
Q0276,False,applicable,杉木,福建,叶总量,True,1,unique_exact_fedb_equation_match,unique_equation,杉木,福建,True,True,,,unresolved,unresolved,fail,unresolved,unresolved,fail,"Biomass-component mismatch: query='叶总量', equation='叶'.",One or more required predictors were not observed in the available structured/query evidence; absence is not treated as proven omission.,Query DBH is not available.
Q0277,False,applicable,油松,甘肃,干材,True,1,unique_exact_fedb_equation_match,unique_equation,油松,甘肃,True,True,,,unresolved,unresolved,fail,pass,unresolved,fail,"Biomass-component mismatch: query='干材', equation='干'.",All deterministically identified required predictors are supplied.,Query DBH is not available.
Q0278,False,applicable,长白落叶松,黑龙江,各组分占比,True,0,no_exact_fedb_equation_match,no_candidate,,,False,False,,,unresolved,unresolved,unresolved,unresolved,unresolved,unresolved,No unambiguous exact FEDB candidate was established.,No unambiguous exact FEDB candidate was established.,No unambiguous exact FEDB candidate was established.
Q0279,True,inapplicable,长白落叶松,黑龙江,叶总量,False,0,benchmark_equation_missing,no_candidate,,,False,False,,,unresolved,unresolved,unresolved,unresolved,unresolved,unresolved,No unambiguous exact FEDB candidate was established.,No unambiguous exact FEDB candidate was established.,No unambiguous exact FEDB candidate was established.
Q0280,False,applicable,甜槠,浙江,干材,True,1,unique_exact_fedb_equation_match,unique_equation,甜槠,浙江,True,True,,,unresolved,unresolved,fail,unresolved,unresolved,fail,"Biomass-component mismatch: query='干材', equation='干'.",One or more required predictors were not observed in the available structured/query evidence; absence is not treated as proven omission.,Query DBH is not available.
Q0281,False,applicable,红松,黑龙江,地下部分总量,True,1,unique_exact_fedb_equation_match,unique_equation,红松,黑龙江,True,True,,,unresolved,unresolved,fail,unresolved,unresolved,fail,"Biomass-component mismatch: query='地下部分总量', equation='根'.",One or more required predictors were not observed in the available structured/query evidence; absence is not treated as proven omission.,Query DBH is not available.
Q0282,False,applicable,红松,黑龙江,干总量,True,0,no_exact_fedb_equation_match,no_candidate,,,False,False,,,unresolved,unresolved,unresolved,unresolved,unresolved,unresolved,No unambiguous exact FEDB candidate was established.,No unambiguous exact FEDB candidate was established.,No unambiguous exact FEDB candidate was established.
Q0283,True,inapplicable,马尾松,广西,干总量,False,0,benchmark_equation_missing,no_candidate,,,False,False,,,unresolved,unresolved,unresolved,unresolved,unresolved,unresolved,No unambiguous exact FEDB candidate was established.,No unambiguous exact FEDB candidate was established.,No unambiguous exact FEDB candidate was established.
Q0284,False,applicable,急尖长苞冷杉,西藏色季拉山,干材,True,1,unique_exact_fedb_equation_match,unique_equation,急尖长苞冷杉,西藏,True,False,,,unresolved,unresolved,fail,pass,unresolved,fail,"Biomass-component mismatch: query='干材', equation='干'.",All deterministically identified required predictors are supplied.,Query DBH is not available.
Q0285,False,applicable,小黑杨,山西,年均生长量,True,1,unique_exact_fedb_equation_match,unique_equation,小黑杨,山西,True,True,,,unresolved,unresolved,fail,pass,unresolved,fail,"Biomass-component mismatch: query='年均生长量', equation='干'.",All deterministically identified required predictors are supplied.,Query DBH is not available.
Q0286,False,applicable,油松,北京,干材,True,1,unique_exact_fedb_equation_match,unique_equation,油松,北京,True,True,,,unresolved,unresolved,fail,unresolved,unresolved,fail,"Biomass-component mismatch: query='干材', equation='干'.",One or more required predictors were not observed in the available structured/query evidence; absence is not treated as proven omission.,Query DBH is not available.
Q0287,False,applicable,油松,北京,干材,True,0,no_exact_fedb_equation_match,no_candidate,,,False,False,,,unresolved,unresolved,unresolved,unresolved,unresolved,unresolved,No unambiguous exact FEDB candidate was established.,No unambiguous exact FEDB candidate was established.,No unambiguous exact FEDB candidate was established.
Q0288,False,applicable,杉木,广东,干总量,True,0,no_exact_fedb_equation_match,no_candidate,,,False,False,8.0,D,unresolved,unresolved,unresolved,unresolved,unresolved,unresolved,No unambiguous exact FEDB candidate was established.,No unambiguous exact FEDB candidate was established.,No unambiguous exact FEDB candidate was established.
Q0289,False,applicable,雷州桉1号,广东,全树总量,True,0,no_exact_fedb_equation_match,no_candidate,,,False,False,9.0,D,unresolved,unresolved,unresolved,unresolved,unresolved,unresolved,No unambiguous exact FEDB candidate was established.,No unambiguous exact FEDB candidate was established.,No unambiguous exact FEDB candidate was established.
Q0290,False,applicable,华北落叶松,山西,全树总量,True,0,no_exact_fedb_equation_match,no_candidate,,,False,False,10.0,D,unresolved,unresolved,unresolved,unresolved,unresolved,unresolved,No unambiguous exact FEDB candidate was established.,No unambiguous exact FEDB candidate was established.,No unambiguous exact FEDB candidate was established.
Q0291,False,applicable,兴安落叶松,内蒙古,干材,True,0,no_exact_fedb_equation_match,no_candidate,,,False,False,9.0,D,unresolved,unresolved,unresolved,unresolved,unresolved,unresolved,No unambiguous exact FEDB candidate was established.,No unambiguous exact FEDB candidate was established.,No unambiguous exact FEDB candidate was established.
Q0292,False,applicable,白桦,内蒙古,干材,True,0,no_exact_fedb_equation_match,no_candidate,,,False,False,11.0,D,unresolved,unresolved,unresolved,unresolved,unresolved,unresolved,No unambiguous exact FEDB candidate was established.,No unambiguous exact FEDB candidate was established.,No unambiguous exact FEDB candidate was established.
Q0293,False,applicable,桃,上海,全树总量,True,0,no_exact_fedb_equation_match,no_candidate,,,False,False,6.0,D,unresolved,unresolved,unresolved,unresolved,unresolved,unresolved,No unambiguous exact FEDB candidate was established.,No unambiguous exact FEDB candidate was established.,No unambiguous exact FEDB candidate was established.
Q0294,False,applicable,柑橘,上海,全树总量,True,0,no_exact_fedb_equation_match,no_candidate,,,False,False,7.0,D,unresolved,unresolved,unresolved,unresolved,unresolved,unresolved,No unambiguous exact FEDB candidate was established.,No unambiguous exact FEDB candidate was established.,No unambiguous exact FEDB candidate was established.
Q0295,False,applicable,多种杨树,西藏,地上部分总量,True,0,no_exact_fedb_equation_match,no_candidate,,,False,False,8.0,D,unresolved,unresolved,unresolved,unresolved,unresolved,unresolved,No unambiguous exact FEDB candidate was established.,No unambiguous exact FEDB candidate was established.,No unambiguous exact FEDB candidate was established.
Q0296,False,applicable,黧蒴锥,福建,干材,True,0,no_exact_fedb_equation_match,no_candidate,,,False,False,8.0,D,unresolved,unresolved,unresolved,unresolved,unresolved,unresolved,No unambiguous exact FEDB candidate was established.,No unambiguous exact FEDB candidate was established.,No unambiguous exact FEDB candidate was established.
Q0297,True,inapplicable,杉木,湖南,干总量,False,0,benchmark_equation_missing,no_candidate,,,False,False,,,unresolved,unresolved,unresolved,unresolved,unresolved,unresolved,No unambiguous exact FEDB candidate was established.,No unambiguous exact FEDB candidate was established.,No unambiguous exact FEDB candidate was established.
Q0298,False,applicable,雷州桉1号,广东,全树总量,True,0,no_exact_fedb_equation_match,no_candidate,,,False,False,8.0,D,unresolved,unresolved,unresolved,unresolved,unresolved,unresolved,No unambiguous exact FEDB candidate was established.,No unambiguous exact FEDB candidate was established.,No unambiguous exact FEDB candidate was established.
Q0299,False,applicable,尾巨桉,广东,全树总量,True,0,no_exact_fedb_equation_match,no_candidate,,,False,False,7.0,D,unresolved,unresolved,unresolved,unresolved,unresolved,unresolved,No unambiguous exact FEDB candidate was established.,No unambiguous exact FEDB candidate was established.,No unambiguous exact FEDB candidate was established.
Q0300,False,applicable,水杉,福建,干总量,True,0,no_exact_fedb_equation_match,no_candidate,,,False,False,10.0,D,unresolved,unresolved,unresolved,unresolved,unresolved,unresolved,No unambiguous exact FEDB candidate was established.,No unambiguous exact FEDB candidate was established.,No unambiguous exact FEDB candidate was established.
Q0301,False,applicable,油桐,湖南,全树总量,True,0,no_exact_fedb_equation_match,no_candidate,,,False,False,6.0,D,unresolved,unresolved,unresolved,unresolved,unresolved,unresolved,No unambiguous exact FEDB candidate was established.,No unambiguous exact FEDB candidate was established.,No unambiguous exact FEDB candidate was established.
Q0302,False,applicable,杉木,福建,地上部分总量,True,0,no_exact_fedb_equation_match,no_candidate,,,False,False,6.0,D,unresolved,unresolved,unresolved,unresolved,unresolved,unresolved,No unambiguous exact FEDB candidate was established.,No unambiguous exact FEDB candidate was established.,No unambiguous exact FEDB candidate was established.
Q0303,False,applicable,猴樟,贵州,全树总量,True,0,no_exact_fedb_equation_match,no_candidate,,,False,False,5.0,D,unresolved,unresolved,unresolved,unresolved,unresolved,unresolved,No unambiguous exact FEDB candidate was established.,No unambiguous exact FEDB candidate was established.,No unambiguous exact FEDB candidate was established.
Q0304,False,applicable,银杏,贵州,全树总量,True,0,no_exact_fedb_equation_match,no_candidate,,,False,False,3.0,D,unresolved,unresolved,unresolved,unresolved,unresolved,unresolved,No unambiguous exact FEDB candidate was established.,No unambiguous exact FEDB candidate was established.,No unambiguous exact FEDB candidate was established.
Q0305,False,applicable,千年桐,福建,全树总量,True,0,no_exact_fedb_equation_match,no_candidate,,,False,False,9.0,D,unresolved,unresolved,unresolved,unresolved,unresolved,unresolved,No unambiguous exact FEDB candidate was established.,No unambiguous exact FEDB candidate was established.,No unambiguous exact FEDB candidate was established.
Q0306,True,inapplicable,木麻黄,福建,干总量,True,0,no_exact_fedb_equation_match,no_candidate,,,False,False,,,unresolved,unresolved,unresolved,unresolved,unresolved,unresolved,No unambiguous exact FEDB candidate was established.,No unambiguous exact FEDB candidate was established.,No unambiguous exact FEDB candidate was established.
Q0307,False,applicable,杉木,湖北,全树总量,True,0,no_exact_fedb_equation_match,no_candidate,,,False,False,12.0,D,unresolved,unresolved,unresolved,unresolved,unresolved,unresolved,No unambiguous exact FEDB candidate was established.,No unambiguous exact FEDB candidate was established.,No unambiguous exact FEDB candidate was established.
Q0308,True,inapplicable,杉木,江西,全树总量,False,0,benchmark_equation_missing,no_candidate,,,False,False,,,unresolved,unresolved,unresolved,unresolved,unresolved,unresolved,No unambiguous exact FEDB candidate was established.,No unambiguous exact FEDB candidate was established.,No unambiguous exact FEDB candidate was established.
Q0309,True,inapplicable,油桐,湖南,全树总量,False,0,benchmark_equation_missing,no_candidate,,,False,False,,,unresolved,unresolved,unresolved,unresolved,unresolved,unresolved,No unambiguous exact FEDB candidate was established.,No unambiguous exact FEDB candidate was established.,No unambiguous exact FEDB candidate was established.
Q0310,False,applicable,云杉,四川,干材,True,1,unique_exact_fedb_equation_match,unique_equation,云杉,四川,True,True,,,unresolved,unresolved,fail,pass,unresolved,fail,"Biomass-component mismatch: query='干材', equation='干'.",All deterministically identified required predictors are supplied.,Query DBH is not available.
Q0311,False,applicable,油松,河北,全树总量,True,1,unique_exact_fedb_equation_match,unique_equation,油松,河北,True,True,,,unresolved,unresolved,fail,pass,unresolved,fail,"Biomass-component mismatch: query='全树总量', equation='整株'.",All deterministically identified required predictors are supplied.,Query DBH is not available.
Q0312,False,applicable,马尾松,浙江,干总量,True,1,unique_exact_fedb_equation_match,unique_equation,马尾松,浙江,True,True,,,unresolved,unresolved,fail,pass,unresolved,fail,"Biomass-component mismatch: query='干总量', equation='干'.",All deterministically identified required predictors are supplied.,Query DBH is not available.
Q0313,False,applicable,长白落叶松,黑龙江,地上部分总量,True,1,unique_exact_fedb_equation_match,unique_equation,长白落叶松,黑龙江,True,True,,,unresolved,unresolved,fail,pass,unresolved,fail,"Biomass-component mismatch: query='地上部分总量', equation='地上'.",All deterministically identified required predictors are supplied.,Query DBH is not available.
Q0314,False,applicable,小黑杨,山西,全树总量,True,1,unique_exact_fedb_equation_match,unique_equation,小黑杨,山西,True,True,,,unresolved,unresolved,fail,pass,unresolved,fail,"Biomass-component mismatch: query='全树总量', equation='整株'.",All deterministically identified required predictors are supplied.,Query DBH is not available.
Q0315,False,applicable,杂交泡桐,河南,地上部分总量,True,1,unique_exact_fedb_equation_match,unique_equation,杂交泡桐,河南,True,True,,,unresolved,unresolved,fail,pass,unresolved,fail,"Biomass-component mismatch: query='地上部分总量', equation='地上'.",All deterministically identified required predictors are supplied.,Query DBH is not available.
Q0316,True,inapplicable,湿地松,浙江,干材,False,0,benchmark_equation_missing,no_candidate,,,False,False,,,unresolved,unresolved,unresolved,unresolved,unresolved,unresolved,No unambiguous exact FEDB candidate was established.,No unambiguous exact FEDB candidate was established.,No unambiguous exact FEDB candidate was established.
Q0317,True,inapplicable,云杉,四川,枝总量,False,0,benchmark_equation_missing,no_candidate,,,False,False,,,unresolved,unresolved,unresolved,unresolved,unresolved,unresolved,No unambiguous exact FEDB candidate was established.,No unambiguous exact FEDB candidate was established.,No unambiguous exact FEDB candidate was established.
Q0318,False,applicable,小黑杨,山西,干材,True,0,no_exact_fedb_equation_match,no_candidate,,,False,False,,,unresolved,unresolved,unresolved,unresolved,unresolved,unresolved,No unambiguous exact FEDB candidate was established.,No unambiguous exact FEDB candidate was established.,No unambiguous exact FEDB candidate was established.
Q0319,True,inapplicable,华北落叶松,山西,干总量,False,0,benchmark_equation_missing,no_candidate,,,False,False,,,unresolved,unresolved,unresolved,unresolved,unresolved,unresolved,No unambiguous exact FEDB candidate was established.,No unambiguous exact FEDB candidate was established.,No unambiguous exact FEDB candidate was established.
Q0320,True,inapplicable,杉木,江西,叶总量,False,0,benchmark_equation_missing,no_candidate,,,False,False,,,unresolved,unresolved,unresolved,unresolved,unresolved,unresolved,No unambiguous exact FEDB candidate was established.,No unambiguous exact FEDB candidate was established.,No unambiguous exact FEDB candidate was established.
Q0321,False,applicable,湿地松,江西,枝总量,True,1,unique_exact_fedb_equation_match,unique_equation,湿地松,江西,True,True,,,unresolved,unresolved,fail,unresolved,unresolved,fail,"Biomass-component mismatch: query='枝总量', equation='枝'.",One or more required predictors were not observed in the available structured/query evidence; absence is not treated as proven omission.,Query DBH is not available.
Q0322,False,applicable,华北落叶松,河北,干总量,True,0,no_exact_fedb_equation_match,no_candidate,,,False,False,,,unresolved,unresolved,unresolved,unresolved,unresolved,unresolved,No unambiguous exact FEDB candidate was established.,No unambiguous exact FEDB candidate was established.,No unambiguous exact FEDB candidate was established.
Q0323,False,applicable,湿地松,浙江,地上部分总量,True,0,no_exact_fedb_equation_match,no_candidate,,,False,False,,,unresolved,unresolved,unresolved,unresolved,unresolved,unresolved,No unambiguous exact FEDB candidate was established.,No unambiguous exact FEDB candidate was established.,No unambiguous exact FEDB candidate was established.
Q0324,False,applicable,小黑杨,山西,干皮,True,0,no_exact_fedb_equation_match,no_candidate,,,False,False,,,unresolved,unresolved,unresolved,unresolved,unresolved,unresolved,No unambiguous exact FEDB candidate was established.,No unambiguous exact FEDB candidate was established.,No unambiguous exact FEDB candidate was established.
Q0325,False,applicable,樟子松,辽宁,干总量,True,1,unique_exact_fedb_equation_match,unique_equation,樟子松,辽宁,True,True,,,unresolved,unresolved,fail,pass,unresolved,fail,"Biomass-component mismatch: query='干总量', equation='干'.",All deterministically identified required predictors are supplied.,Query DBH is not available.
Q0326,False,applicable,杉木,江西,1年生叶+叶总量,True,0,no_exact_fedb_equation_match,no_candidate,,,False,False,,,unresolved,unresolved,unresolved,unresolved,unresolved,unresolved,No unambiguous exact FEDB candidate was established.,No unambiguous exact FEDB candidate was established.,No unambiguous exact FEDB candidate was established.
Q0327,False,applicable,火炬松,浙江vs江苏,干材,True,0,no_exact_fedb_equation_match,no_candidate,,,False,False,,,unresolved,unresolved,unresolved,unresolved,unresolved,unresolved,No unambiguous exact FEDB candidate was established.,No unambiguous exact FEDB candidate was established.,No unambiguous exact FEDB candidate was established.
Q0328,False,applicable,杂交泡桐,河南,全树,True,1,unique_exact_fedb_equation_match,unique_equation,杂交泡桐,河南,True,True,,,unresolved,unresolved,fail,pass,unresolved,fail,"Biomass-component mismatch: query='全树', equation='地上'.",All deterministically identified required predictors are supplied.,Query DBH is not available.
Q0329,False,applicable,小黑杨,山西,全树总量,True,1,unique_exact_fedb_equation_match,unique_equation,小黑杨,山西,True,True,,,unresolved,unresolved,fail,unresolved,unresolved,fail,"Biomass-component mismatch: query='全树总量', equation='整株'.",One or more required predictors were not observed in the available structured/query evidence; absence is not treated as proven omission.,Query DBH is not available.
Q0330,False,applicable,马尾松,福建,地上部分总量,True,1,unique_exact_fedb_equation_match,unique_equation,马尾松,福建,True,True,,,unresolved,unresolved,fail,pass,unresolved,fail,"Biomass-component mismatch: query='地上部分总量', equation='地上'.",All deterministically identified required predictors are supplied.,Query DBH is not available.
Q0331,False,applicable,云杉,四川,叶总量,True,1,unique_exact_fedb_equation_match,unique_equation,云杉,四川,True,True,,,unresolved,unresolved,fail,pass,unresolved,fail,"Biomass-component mismatch: query='叶总量', equation='叶'.",All deterministically identified required predictors are supplied.,Query DBH is not available.
Q0332,False,applicable,油松,河北,地下部分总量,True,1,unique_exact_fedb_equation_match,unique_equation,油松,河北,True,True,,,unresolved,unresolved,fail,pass,unresolved,fail,"Biomass-component mismatch: query='地下部分总量', equation='地下'.",All deterministically identified required predictors are supplied.,Query DBH is not available.
Q0333,False,applicable,小黑杨,山西,枝总量,True,0,no_exact_fedb_equation_match,no_candidate,,,False,False,,,unresolved,unresolved,unresolved,unresolved,unresolved,unresolved,No unambiguous exact FEDB candidate was established.,No unambiguous exact FEDB candidate was established.,No unambiguous exact FEDB candidate was established.
Q0334,False,applicable,长白落叶松,黑龙江,地上部分总量,True,1,unique_exact_fedb_equation_match,unique_equation,长白落叶松,黑龙江,True,True,,,unresolved,unresolved,fail,pass,unresolved,fail,"Biomass-component mismatch: query='地上部分总量', equation='地上'.",All deterministically identified required predictors are supplied.,Query DBH is not available.
Q0335,False,applicable,樟子松,辽宁,地下部分总量,True,1,unique_exact_fedb_equation_match,unique_equation,樟子松,辽宁,True,True,,,unresolved,unresolved,fail,pass,unresolved,fail,"Biomass-component mismatch: query='地下部分总量', equation='地下'.",All deterministically identified required predictors are supplied.,Query DBH is not available.
Q0336,False,applicable,华北落叶松,河北,干总量,True,1,unique_exact_fedb_equation_match,unique_equation,华北落叶松,河北,True,True,,,unresolved,unresolved,fail,pass,unresolved,fail,"Biomass-component mismatch: query='干总量', equation='干'.",All deterministically identified required predictors are supplied.,Query DBH is not available.
Q0337,False,applicable,湿地松,江西,枝总量,True,1,unique_exact_fedb_equation_match,unique_equation,湿地松,江西,True,True,,,unresolved,unresolved,fail,unresolved,unresolved,fail,"Biomass-component mismatch: query='枝总量', equation='枝'.",One or more required predictors were not observed in the available structured/query evidence; absence is not treated as proven omission.,Query DBH is not available.
Q0338,False,applicable,火炬松vs马尾松,浙江,干材,True,0,no_exact_fedb_equation_match,no_candidate,,,False,False,,,unresolved,unresolved,unresolved,unresolved,unresolved,unresolved,No unambiguous exact FEDB candidate was established.,No unambiguous exact FEDB candidate was established.,No unambiguous exact FEDB candidate was established.
Q0339,False,applicable,云杉,四川,干材,True,1,unique_exact_fedb_equation_match,unique_equation,云杉,四川,True,True,,,unresolved,unresolved,fail,unresolved,unresolved,fail,"Biomass-component mismatch: query='干材', equation='干'.",One or more required predictors were not observed in the available structured/query evidence; absence is not treated as proven omission.,Query DBH is not available.
Q0340,False,applicable,火炬松,江苏,叶总量,True,1,unique_exact_fedb_equation_match,unique_equation,火炬松,江苏,True,True,,,unresolved,unresolved,fail,pass,unresolved,fail,"Biomass-component mismatch: query='叶总量', equation='叶'.",All deterministically identified required predictors are supplied.,Query DBH is not available.
Q0341,False,applicable,火炬松,江苏,叶总量,True,1,unique_exact_fedb_equation_match,unique_equation,火炬松,江苏,True,True,,,unresolved,unresolved,fail,pass,unresolved,fail,"Biomass-component mismatch: query='叶总量', equation='叶'.",All deterministically identified required predictors are supplied.,Query DBH is not available.
Q0342,False,applicable,美洲黑杨35号,江苏,干材,True,1,unique_exact_fedb_equation_match,unique_equation,美洲黑杨35号,江苏,True,True,,,unresolved,unresolved,fail,pass,unresolved,fail,"Biomass-component mismatch: query='干材', equation='干'.",All deterministically identified required predictors are supplied.,Query DBH is not available.
Q0343,False,applicable,侧柏,江苏,干总量,True,1,unique_exact_fedb_equation_match,unique_equation,侧柏,江苏,True,True,,,unresolved,unresolved,fail,pass,unresolved,fail,"Biomass-component mismatch: query='干总量', equation='干'.",All deterministically identified required predictors are supplied.,Query DBH is not available.
Q0344,False,applicable,毛白杨,河南,干材,True,1,unique_exact_fedb_equation_match,unique_equation,毛白杨,河南,True,True,,,unresolved,unresolved,fail,pass,unresolved,fail,"Biomass-component mismatch: query='干材', equation='干'.",All deterministically identified required predictors are supplied.,Query DBH is not available.
Q0345,True,inapplicable,火炬松vs湿地松,江苏,地上部分总量,False,0,benchmark_equation_missing,no_candidate,,,False,False,,,unresolved,unresolved,unresolved,unresolved,unresolved,unresolved,No unambiguous exact FEDB candidate was established.,No unambiguous exact FEDB candidate was established.,No unambiguous exact FEDB candidate was established.
Q0346,False,applicable,侧柏,江苏,枝总量,True,1,unique_exact_fedb_equation_match,unique_equation,侧柏,江苏,True,True,,,unresolved,unresolved,fail,pass,unresolved,fail,"Biomass-component mismatch: query='枝总量', equation='枝'.",All deterministically identified required predictors are supplied.,Query DBH is not available.
Q0347,False,applicable,毛白杨,河南,枝总量,True,1,unique_exact_fedb_equation_match,unique_equation,毛白杨,河南,True,True,,,unresolved,unresolved,fail,pass,unresolved,fail,"Biomass-component mismatch: query='枝总量', equation='枝'.",All deterministically identified required predictors are supplied.,Query DBH is not available.
Q0348,True,inapplicable,杉木,湖南,干材,False,0,benchmark_equation_missing,no_candidate,,,False,False,,,unresolved,unresolved,unresolved,unresolved,unresolved,unresolved,No unambiguous exact FEDB candidate was established.,No unambiguous exact FEDB candidate was established.,No unambiguous exact FEDB candidate was established.
Q0349,True,inapplicable,美洲黑杨,江苏,地上部分总量,False,0,benchmark_equation_missing,no_candidate,,,False,False,,,unresolved,unresolved,unresolved,unresolved,unresolved,unresolved,No unambiguous exact FEDB candidate was established.,No unambiguous exact FEDB candidate was established.,No unambiguous exact FEDB candidate was established.
Q0350,False,applicable,火炬松,江苏,叶总量,True,0,no_exact_fedb_equation_match,no_candidate,,,False,False,,,unresolved,unresolved,unresolved,unresolved,unresolved,unresolved,No unambiguous exact FEDB candidate was established.,No unambiguous exact FEDB candidate was established.,No unambiguous exact FEDB candidate was established.
Q0351,False,applicable,杉木,广西vs湖南,干总量,True,0,no_exact_fedb_equation_match,no_candidate,,,False,False,,,unresolved,unresolved,unresolved,unresolved,unresolved,unresolved,No unambiguous exact FEDB candidate was established.,No unambiguous exact FEDB candidate was established.,No unambiguous exact FEDB candidate was established.
Q0352,False,applicable,杉木,广西,干材,True,0,no_exact_fedb_equation_match,no_candidate,,,False,False,,,unresolved,unresolved,unresolved,unresolved,unresolved,unresolved,No unambiguous exact FEDB candidate was established.,No unambiguous exact FEDB candidate was established.,No unambiguous exact FEDB candidate was established.
Q0353,False,applicable,杉木,湖南,干总量,True,0,no_exact_fedb_equation_match,no_candidate,,,False,False,,,unresolved,unresolved,unresolved,unresolved,unresolved,unresolved,No unambiguous exact FEDB candidate was established.,No unambiguous exact FEDB candidate was established.,No unambiguous exact FEDB candidate was established.
Q0354,False,applicable,杉木,湖南,干材,True,0,no_exact_fedb_equation_match,no_candidate,,,False,False,,,unresolved,unresolved,unresolved,unresolved,unresolved,unresolved,No unambiguous exact FEDB candidate was established.,No unambiguous exact FEDB candidate was established.,No unambiguous exact FEDB candidate was established.
Q0355,False,applicable,火炬松,江苏,叶总量,True,1,unique_exact_fedb_equation_match,unique_equation,火炬松,江苏,True,True,,,unresolved,unresolved,fail,pass,unresolved,fail,"Biomass-component mismatch: query='叶总量', equation='叶'.",All deterministically identified required predictors are supplied.,Query DBH is not available.
Q0356,False,applicable,火炬松,江苏,叶总量,True,1,unique_exact_fedb_equation_match,unique_equation,火炬松,江苏,True,True,,,unresolved,unresolved,fail,pass,unresolved,fail,"Biomass-component mismatch: query='叶总量', equation='叶'.",All deterministically identified required predictors are supplied.,Query DBH is not available.
Q0357,False,applicable,侧柏,江苏,叶总量,True,1,unique_exact_fedb_equation_match,unique_equation,侧柏,江苏,True,True,,,unresolved,unresolved,fail,pass,unresolved,fail,"Biomass-component mismatch: query='叶总量', equation='叶'.",All deterministically identified required predictors are supplied.,Query DBH is not available.
Q0358,False,applicable,美洲黑杨35号,江苏,全树总量,True,1,unique_exact_fedb_equation_match,unique_equation,美洲黑杨35号,江苏,True,True,,,unresolved,unresolved,fail,unresolved,unresolved,fail,"Biomass-component mismatch: query='全树总量', equation='整株'.",One or more required predictors were not observed in the available structured/query evidence; absence is not treated as proven omission.,Query DBH is not available.
Q0359,False,applicable,侧柏,江苏,地下部分总量,True,1,unique_exact_fedb_equation_match,unique_equation,侧柏,江苏,True,True,,,unresolved,unresolved,fail,unresolved,unresolved,fail,"Biomass-component mismatch: query='地下部分总量', equation='地下'.",One or more required predictors were not observed in the available structured/query evidence; absence is not treated as proven omission.,Query DBH is not available.
Q0360,False,applicable,杉木,广西,干材,True,1,unique_exact_fedb_equation_match,unique_equation,杉木,广西,True,True,,,unresolved,unresolved,fail,unresolved,unresolved,fail,"Biomass-component mismatch: query='干材', equation='干'.",One or more required predictors were not observed in the available structured/query evidence; absence is not treated as proven omission.,Query DBH is not available.
Q0361,False,applicable,火炬松,江苏,干总量,True,0,no_exact_fedb_equation_match,no_candidate,,,False,False,,,unresolved,unresolved,unresolved,unresolved,unresolved,unresolved,No unambiguous exact FEDB candidate was established.,No unambiguous exact FEDB candidate was established.,No unambiguous exact FEDB candidate was established.
Q0362,False,applicable,杉木,广西,叶总量,True,1,unique_exact_fedb_equation_match,unique_equation,杉木,广西,True,True,,,unresolved,unresolved,fail,pass,unresolved,fail,"Biomass-component mismatch: query='叶总量', equation='叶'.",All deterministically identified required predictors are supplied.,Query DBH is not available.
Q0363,True,inapplicable,红松,安徽,干总量,False,0,benchmark_equation_missing,no_candidate,,,False,False,,,unresolved,unresolved,unresolved,unresolved,unresolved,unresolved,No unambiguous exact FEDB candidate was established.,No unambiguous exact FEDB candidate was established.,No unambiguous exact FEDB candidate was established.
Q0364,True,inapplicable,白桦,河南,全树总量,False,0,benchmark_equation_missing,no_candidate,,,False,False,,,unresolved,unresolved,unresolved,unresolved,unresolved,unresolved,No unambiguous exact FEDB candidate was established.,No unambiguous exact FEDB candidate was established.,No unambiguous exact FEDB candidate was established.
Q0365,True,inapplicable,兴安落叶松,湖南,干总量,False,0,benchmark_equation_missing,no_candidate,,,False,False,,,unresolved,unresolved,unresolved,unresolved,unresolved,unresolved,No unambiguous exact FEDB candidate was established.,No unambiguous exact FEDB candidate was established.,No unambiguous exact FEDB candidate was established.
Q0366,True,inapplicable,红松,贵州,全树总量,False,0,benchmark_equation_missing,no_candidate,,,False,False,,,unresolved,unresolved,unresolved,unresolved,unresolved,unresolved,No unambiguous exact FEDB candidate was established.,No unambiguous exact FEDB candidate was established.,No unambiguous exact FEDB candidate was established.
Q0367,True,inapplicable,华北落叶松,云南,地上部分总量,False,0,benchmark_equation_missing,no_candidate,,,False,False,,,unresolved,unresolved,unresolved,unresolved,unresolved,unresolved,No unambiguous exact FEDB candidate was established.,No unambiguous exact FEDB candidate was established.,No unambiguous exact FEDB candidate was established.
Q0368,True,inapplicable,兴安落叶松,浙江,干总量,False,0,benchmark_equation_missing,no_candidate,,,False,False,,,unresolved,unresolved,unresolved,unresolved,unresolved,unresolved,No unambiguous exact FEDB candidate was established.,No unambiguous exact FEDB candidate was established.,No unambiguous exact FEDB candidate was established.
Q0369,True,inapplicable,马尾松,山西,全树总量,False,0,benchmark_equation_missing,no_candidate,,,False,False,,,unresolved,unresolved,unresolved,unresolved,unresolved,unresolved,No unambiguous exact FEDB candidate was established.,No unambiguous exact FEDB candidate was established.,No unambiguous exact FEDB candidate was established.
Q0370,True,inapplicable,杉木,内蒙古,干材,False,0,benchmark_equation_missing,no_candidate,,,False,False,,,unresolved,unresolved,unresolved,unresolved,unresolved,unresolved,No unambiguous exact FEDB candidate was established.,No unambiguous exact FEDB candidate was established.,No unambiguous exact FEDB candidate was established.
Q0371,True,inapplicable,红松,山东,干总量,False,0,benchmark_equation_missing,no_candidate,,,False,False,,,unresolved,unresolved,unresolved,unresolved,unresolved,unresolved,No unambiguous exact FEDB candidate was established.,No unambiguous exact FEDB candidate was established.,No unambiguous exact FEDB candidate was established.
Q0372,True,inapplicable,云南松,四川,干材,False,0,benchmark_equation_missing,no_candidate,,,False,False,,,unresolved,unresolved,unresolved,unresolved,unresolved,unresolved,No unambiguous exact FEDB candidate was established.,No unambiguous exact FEDB candidate was established.,No unambiguous exact FEDB candidate was established.
Q0373,True,inapplicable,兴安落叶松,广西,干总量,False,0,benchmark_equation_missing,no_candidate,,,False,False,,,unresolved,unresolved,unresolved,unresolved,unresolved,unresolved,No unambiguous exact FEDB candidate was established.,No unambiguous exact FEDB candidate was established.,No unambiguous exact FEDB candidate was established.
Q0374,True,inapplicable,侧柏,云南,干总量,False,0,benchmark_equation_missing,no_candidate,,,False,False,,,unresolved,unresolved,unresolved,unresolved,unresolved,unresolved,No unambiguous exact FEDB candidate was established.,No unambiguous exact FEDB candidate was established.,No unambiguous exact FEDB candidate was established.
Q0375,True,inapplicable,毛白杨,福建,全树总量,False,0,benchmark_equation_missing,no_candidate,,,False,False,,,unresolved,unresolved,unresolved,unresolved,unresolved,unresolved,No unambiguous exact FEDB candidate was established.,No unambiguous exact FEDB candidate was established.,No unambiguous exact FEDB candidate was established.
Q0376,True,inapplicable,橡胶树,广东,全树总量,False,0,benchmark_equation_missing,no_candidate,,,False,False,,,unresolved,unresolved,unresolved,unresolved,unresolved,unresolved,No unambiguous exact FEDB candidate was established.,No unambiguous exact FEDB candidate was established.,No unambiguous exact FEDB candidate was established.
Q0377,False,applicable,山杨,山西,全树总量,True,1,unique_exact_fedb_equation_match,unique_equation,山杨,山西省(暖温带半干旱气候),True,False,,,unresolved,unresolved,fail,pass,unresolved,fail,"Biomass-component mismatch: query='全树总量', equation='干'.",All deterministically identified required predictors are supplied.,Query DBH is not available.
Q0378,False,applicable,杉木,湖南,干材,True,1,unique_exact_fedb_equation_match,unique_equation,杉木,湖南,True,True,,,unresolved,unresolved,fail,pass,unresolved,fail,"Biomass-component mismatch: query='干材', equation='地下'.",All deterministically identified required predictors are supplied.,Query DBH is not available.
Q0379,False,applicable,油松,甘肃,全树总量,True,1,unique_exact_fedb_equation_match,unique_equation,油松,甘肃,True,True,,,unresolved,unresolved,fail,unresolved,unresolved,fail,"Biomass-component mismatch: query='全树总量', equation='整株'.",One or more required predictors were not observed in the available structured/query evidence; absence is not treated as proven omission.,Query DBH is not available.
Q0380,True,inapplicable,红松,黑龙江,地上部分总量,False,0,benchmark_equation_missing,no_candidate,,,False,False,,,unresolved,unresolved,unresolved,unresolved,unresolved,unresolved,No unambiguous exact FEDB candidate was established.,No unambiguous exact FEDB candidate was established.,No unambiguous exact FEDB candidate was established.
Q0381,False,applicable,马尾松,贵州,全树总量,True,1,unique_exact_fedb_equation_match,unique_equation,马尾松,贵州,True,True,,,unresolved,unresolved,fail,pass,unresolved,fail,"Biomass-component mismatch: query='全树总量', equation='干'.",All deterministically identified required predictors are supplied.,Query DBH is not available.
Q0382,True,inapplicable,杉木,湖南,比较,False,0,benchmark_equation_missing,no_candidate,,,False,False,,,unresolved,unresolved,unresolved,unresolved,unresolved,unresolved,No unambiguous exact FEDB candidate was established.,No unambiguous exact FEDB candidate was established.,No unambiguous exact FEDB candidate was established.
Q0383,False,applicable,白桦,黑龙江,地上部分总量,True,1,unique_exact_fedb_equation_match,unique_equation,白桦,黑龙江省(齐齐哈尔/牡丹江/七台河),True,False,,,unresolved,unresolved,fail,pass,unresolved,fail,"Biomass-component mismatch: query='地上部分总量', equation='地上'.",All deterministically identified required predictors are supplied.,Query DBH is not available.
Q0384,False,applicable,落叶松,甘肃,干总量,True,0,no_exact_fedb_equation_match,no_candidate,,,False,False,,,unresolved,unresolved,unresolved,unresolved,unresolved,unresolved,No unambiguous exact FEDB candidate was established.,No unambiguous exact FEDB candidate was established.,No unambiguous exact FEDB candidate was established.
GEN_单位_0001,False,applicable,杉木,安徽省岭南,皮,True,1,unique_exact_fedb_equation_match,unique_equation,杉木,安徽省岭南,True,True,,,unresolved,unresolved,pass,pass,unresolved,unresolved,Biomass components match exactly.,All deterministically identified required predictors are supplied.,Query DBH is not available.
GEN_单位_0003,False,applicable,阔叶,松原市,volume,True,2,multiple_exact_fedb_equation_matches,ambiguous_exact_equation,,,False,False,,,unresolved,unresolved,unresolved,unresolved,unresolved,unresolved,No unambiguous exact FEDB candidate was established.,No unambiguous exact FEDB candidate was established.,No unambiguous exact FEDB candidate was established.
GEN_单位_0004,False,applicable,杉木,安徽省岭南,枝,True,1,unique_exact_fedb_equation_match,unique_equation,杉木,安徽省岭南,True,True,,,unresolved,unresolved,pass,pass,unresolved,unresolved,Biomass components match exactly.,All deterministically identified required predictors are supplied.,Query DBH is not available.
GEN_单位_0005,False,applicable,兰考泡桐,河南,全树总量,True,1,unique_exact_fedb_equation_match,unique_equation,兰考泡桐,河南,True,True,,,unresolved,unresolved,fail,pass,unresolved,fail,"Biomass-component mismatch: query='全树总量', equation='整株'.",All deterministically identified required predictors are supplied.,Query DBH is not available.
GEN_单位_0006,False,applicable,亮叶桦,福建,枝总量,True,1,unique_exact_fedb_equation_match,unique_equation,亮叶桦,福建,True,True,,,unresolved,unresolved,fail,pass,unresolved,fail,"Biomass-component mismatch: query='枝总量', equation='枝'.",All deterministically identified required predictors are supplied.,Query DBH is not available.
GEN_单位_0007,False,applicable,蒙古栎,河北,干材,True,1,unique_exact_fedb_equation_match,unique_equation,蒙古栎,河北,True,True,,,unresolved,unresolved,fail,pass,unresolved,fail,"Biomass-component mismatch: query='干材', equation='干'.",All deterministically identified required predictors are supplied.,Query DBH is not available.
GEN_单位_0008,False,applicable,白桦,河北,全树总量,True,1,unique_exact_fedb_equation_match,unique_equation,白桦,河北,True,True,,,unresolved,unresolved,fail,pass,unresolved,fail,"Biomass-component mismatch: query='全树总量', equation='整株'.",All deterministically identified required predictors are supplied.,Query DBH is not available.
GEN_单位_0010,False,applicable,广西杉木,广西,volume,True,1,unique_exact_fedb_equation_match,unique_equation,广西杉木,广西,True,True,,,unresolved,unresolved,fail,pass,unresolved,fail,"Biomass-component mismatch: query='volume', equation='材积'.",All deterministically identified required predictors are supplied.,Query DBH is not available.
GEN_单位_0011,False,applicable,马尾松,湖南,地下部分总量,True,1,unique_exact_fedb_equation_match,unique_equation,马尾松,湖南,True,True,,,unresolved,unresolved,fail,pass,unresolved,fail,"Biomass-component mismatch: query='地下部分总量', equation='地下'.",All deterministically identified required predictors are supplied.,Query DBH is not available.
GEN_单位_0012,False,applicable,小兴安岭北坡水曲柳,小兴安岭北坡,volume,True,0,no_exact_fedb_equation_match,no_candidate,,,False,False,,,unresolved,unresolved,unresolved,unresolved,unresolved,unresolved,No unambiguous exact FEDB candidate was established.,No unambiguous exact FEDB candidate was established.,No unambiguous exact FEDB candidate was established.
GEN_单位_0013,False,applicable,杉木,湖南,叶总量,True,1,unique_exact_fedb_equation_match,unique_equation,杉木,湖南,True,True,,,unresolved,unresolved,fail,pass,unresolved,fail,"Biomass-component mismatch: query='叶总量', equation='叶'.",All deterministically identified required predictors are supplied.,Query DBH is not available.
GEN_单位_0014,False,applicable,油松,北京,地下部分总量,True,1,unique_exact_fedb_equation_match,unique_equation,油松,北京,True,True,,,unresolved,unresolved,fail,pass,unresolved,fail,"Biomass-component mismatch: query='地下部分总量', equation='地下'.",All deterministically identified required predictors are supplied.,Query DBH is not available.
GEN_单位_0015,False,applicable,华北落叶松,宁夏,干材,True,1,unique_exact_fedb_equation_match,unique_equation,华北落叶松,宁夏,True,True,,,unresolved,unresolved,fail,pass,unresolved,fail,"Biomass-component mismatch: query='干材', equation='干'.",All deterministically identified required predictors are supplied.,Query DBH is not available.
GEN_单位_0016,False,applicable,尾巨桉,广东,叶总量,True,1,unique_exact_fedb_equation_match,unique_equation,尾巨桉,广东,True,True,,,unresolved,unresolved,fail,pass,unresolved,fail,"Biomass-component mismatch: query='叶总量', equation='叶'.",All deterministically identified required predictors are supplied.,Query DBH is not available.
GEN_单位_0017,False,applicable,樟树,湖南,地下部分总量,True,1,unique_exact_fedb_equation_match,unique_equation,樟树,湖南,True,True,,,unresolved,unresolved,fail,pass,unresolved,fail,"Biomass-component mismatch: query='地下部分总量', equation='地下'.",All deterministically identified required predictors are supplied.,Query DBH is not available.
GEN_单位_0018,False,applicable,尾巨桉,广西,地下部分总量,True,1,unique_exact_fedb_equation_match,unique_equation,尾巨桉,广西,True,True,,,unresolved,unresolved,fail,pass,unresolved,fail,"Biomass-component mismatch: query='地下部分总量', equation='地下'.",All deterministically identified required predictors are supplied.,Query DBH is not available.
GEN_单位_0019,False,applicable,油松,辽宁,地上部分总量,True,1,unique_exact_fedb_equation_match,unique_equation,油松,辽宁,True,True,,,unresolved,unresolved,fail,pass,unresolved,fail,"Biomass-component mismatch: query='地上部分总量', equation='地上'.",All deterministically identified required predictors are supplied.,Query DBH is not available.
GEN_单位_0020,False,applicable,栎类,三峡库区,地下生物量,True,1,unique_exact_fedb_equation_match,unique_equation,栎类,三峡库区,True,True,,,unresolved,unresolved,fail,pass,unresolved,fail,"Biomass-component mismatch: query='地下生物量', equation='地下'.",All deterministically identified required predictors are supplied.,Query DBH is not available.
GEN_单位_0021,False,applicable,二叶松,台湾中南部,volume,True,1,unique_exact_fedb_equation_match,unique_equation,二叶松,台湾中南部,True,True,,,unresolved,unresolved,fail,pass,unresolved,fail,"Biomass-component mismatch: query='volume', equation='材积'.",All deterministically identified required predictors are supplied.,Query DBH is not available.
GEN_单位_0022,False,applicable,华北落叶松,河北,干材,True,1,unique_exact_fedb_equation_match,unique_equation,华北落叶松,河北,True,True,,,unresolved,unresolved,fail,pass,unresolved,fail,"Biomass-component mismatch: query='干材', equation='干'.",All deterministically identified required predictors are supplied.,Query DBH is not available.
GEN_单位_0023,False,applicable,落叶阔叶树,湖南,枝总量,True,1,unique_exact_fedb_equation_match,unique_equation,落叶阔叶树,湖南,True,True,,,unresolved,unresolved,fail,pass,unresolved,fail,"Biomass-component mismatch: query='枝总量', equation='枝'.",All deterministically identified required predictors are supplied.,Query DBH is not available.
GEN_单位_0024,False,applicable,柳杉,云南省,碳储量,True,1,unique_exact_fedb_equation_match,unique_equation,柳杉,云南省,True,True,,,unresolved,unresolved,pass,unresolved,unresolved,unresolved,Biomass components match exactly.,One or more required predictors were not observed in the available structured/query evidence; absence is not treated as proven omission.,Query DBH is not available.
GEN_单位_0025,False,applicable,青海云杉,内蒙古,地上部分总量,True,1,unique_exact_fedb_equation_match,unique_equation,青海云杉,内蒙古,True,True,,,unresolved,unresolved,fail,pass,unresolved,fail,"Biomass-component mismatch: query='地上部分总量', equation='地上'.",All deterministically identified required predictors are supplied.,Query DBH is not available.
GEN_背景_0026,False,applicable,日本落叶松,辽宁抚顺地区,树干生物量,True,1,unique_exact_fedb_equation_match,unique_equation,日本落叶松,辽宁抚顺地区,True,True,,,unresolved,unresolved,fail,pass,unresolved,fail,"Biomass-component mismatch: query='树干生物量', equation='干'.",All deterministically identified required predictors are supplied.,Query DBH is not available.
GEN_背景_0027,False,applicable,孩儿拳头,"北京妙峰山林场(北纬40°03'54"",东经116°05'45"")",根生物量,True,1,unique_exact_fedb_equation_match,unique_equation,孩儿拳头,"北京妙峰山林场(北纬40°03'54"",东经116°05'45"")",True,True,,,unresolved,unresolved,fail,pass,unresolved,fail,"Biomass-component mismatch: query='根生物量', equation='根'.",All deterministically identified required predictors are supplied.,Query DBH is not available.
GEN_背景_0028,False,applicable,油松,陕西,全树总量,True,1,unique_exact_fedb_equation_match,unique_equation,油松,陕西,True,True,25.0,D,unresolved,unresolved,fail,pass,pass,fail,"Biomass-component mismatch: query='全树总量', equation='整株'.",All deterministically identified required predictors are supplied.,"DBH 25 cm is within documented range [6, 51] cm."
GEN_背景_0029,False,applicable,锐齿槲栎,甘肃,干材,True,1,unique_exact_fedb_equation_match,unique_equation,锐齿槲栎,甘肃,True,True,,,unresolved,unresolved,fail,pass,unresolved,fail,"Biomass-component mismatch: query='干材', equation='干'.",All deterministically identified required predictors are supplied.,Query DBH is not available.
GEN_背景_0030,False,applicable,华山松 (P.armandi),青海省,生物量,True,2,multiple_exact_fedb_equation_matches,ambiguous_exact_equation,,,False,False,,,unresolved,unresolved,unresolved,unresolved,unresolved,unresolved,No unambiguous exact FEDB candidate was established.,No unambiguous exact FEDB candidate was established.,No unambiguous exact FEDB candidate was established.
GEN_背景_0031,False,applicable,油松,山西,果实,True,1,unique_exact_fedb_equation_match,unique_equation,油松,山西,True,True,,,unresolved,unresolved,pass,pass,unresolved,unresolved,Biomass components match exactly.,All deterministically identified required predictors are supplied.,Query DBH is not available.
GEN_背景_0032,False,applicable,广东软阔树,广东全省,volume,True,1,unique_exact_fedb_equation_match,unique_equation,广东软阔树,广东全省,True,True,25.0,D,unresolved,unresolved,fail,pass,unresolved,fail,"Biomass-component mismatch: query='volume', equation='材积'.",All deterministically identified required predictors are supplied.,No machine-checkable documented DBH range could be established from size_class.
GEN_背景_0033,False,applicable,兰考泡桐,河南,地上部分总量,True,1,unique_exact_fedb_equation_match,unique_equation,兰考泡桐,河南,True,True,,,unresolved,unresolved,fail,pass,unresolved,fail,"Biomass-component mismatch: query='地上部分总量', equation='地上'.",All deterministically identified required predictors are supplied.,Query DBH is not available.
GEN_背景_0034,False,applicable,杉木,湖南,干材,True,1,unique_exact_fedb_equation_match,unique_equation,杉木,湖南,True,True,25.3,D,unresolved,unresolved,fail,pass,fail,fail,"Biomass-component mismatch: query='干材', equation='干'.",All deterministically identified required predictors are supplied.,"DBH 25.3 cm is outside documented range [4.3, 12.8] cm."
GEN_背景_0035,False,applicable,多种杨树,西藏,干总量,True,1,unique_exact_fedb_equation_match,unique_equation,多种杨树,西藏,True,True,,,unresolved,unresolved,fail,pass,unresolved,fail,"Biomass-component mismatch: query='干总量', equation='干'.",All deterministically identified required predictors are supplied.,Query DBH is not available.
GEN_背景_0036,False,applicable,杉木,福建,叶总量,True,1,unique_exact_fedb_equation_match,unique_equation,杉木,福建,True,True,,,unresolved,unresolved,fail,pass,unresolved,fail,"Biomass-component mismatch: query='叶总量', equation='叶'.",All deterministically identified required predictors are supplied.,Query DBH is not available.
GEN_背景_0037,False,applicable,油松,甘肃,枝总量,True,1,unique_exact_fedb_equation_match,unique_equation,油松,甘肃,True,True,,,unresolved,unresolved,fail,pass,unresolved,fail,"Biomass-component mismatch: query='枝总量', equation='枝'.",All deterministically identified required predictors are supplied.,Query DBH is not available.
GEN_背景_0038,False,applicable,楠木,福建,枝总量,True,1,unique_exact_fedb_equation_match,unique_equation,楠木,福建,True,True,,,unresolved,unresolved,fail,pass,unresolved,fail,"Biomass-component mismatch: query='枝总量', equation='枝'.",All deterministically identified required predictors are supplied.,Query DBH is not available.
GEN_背景_0039,False,applicable,尾叶桉,广东,地上部分总量,True,1,unique_exact_fedb_equation_match,unique_equation,尾叶桉,广东,True,True,,,unresolved,unresolved,fail,pass,unresolved,fail,"Biomass-component mismatch: query='地上部分总量', equation='地上'.",All deterministically identified required predictors are supplied.,Query DBH is not available.
GEN_背景_0040,False,applicable,华山松,小秦岭国家级自然保护区,干,True,1,unique_exact_fedb_equation_match,unique_equation,华山松,小秦岭国家级自然保护区,True,True,,,unresolved,unresolved,pass,pass,unresolved,unresolved,Biomass components match exactly.,All deterministically identified required predictors are supplied.,Query DBH is not available.
GEN_背景_0041,False,applicable,油松,甘肃,干材,True,1,unique_exact_fedb_equation_match,unique_equation,油松,甘肃,True,True,,,unresolved,unresolved,fail,pass,unresolved,fail,"Biomass-component mismatch: query='干材', equation='干'.",All deterministically identified required predictors are supplied.,Query DBH is not available.
GEN_背景_0042,False,applicable,落叶松,秦岭暖温带地区(海拔587-3391m),地下生物量,True,1,unique_exact_fedb_equation_match,unique_equation,落叶松,秦岭暖温带地区(海拔587-3391m),True,True,,,unresolved,unresolved,fail,pass,unresolved,fail,"Biomass-component mismatch: query='地下生物量', equation='地下'.",All deterministically identified required predictors are supplied.,Query DBH is not available.
GEN_背景_0043,False,applicable,女贞,广西,干总量,True,1,unique_exact_fedb_equation_match,unique_equation,女贞,广西,True,True,,,unresolved,unresolved,fail,pass,unresolved,fail,"Biomass-component mismatch: query='干总量', equation='干'.",All deterministically identified required predictors are supplied.,Query DBH is not available.
GEN_背景_0044,False,applicable,华北落叶松,河北,枝总量,True,1,unique_exact_fedb_equation_match,unique_equation,华北落叶松,河北,True,True,,,unresolved,unresolved,fail,pass,unresolved,fail,"Biomass-component mismatch: query='枝总量', equation='枝'.",All deterministically identified required predictors are supplied.,Query DBH is not available.
GEN_背景_0045,False,applicable,落叶阔叶树(林下层),浙江,地下部分总量,True,1,unique_exact_fedb_equation_match,unique_equation,落叶阔叶树(林下层),浙江,True,True,,,unresolved,unresolved,fail,unresolved,unresolved,fail,"Biomass-component mismatch: query='地下部分总量', equation='地下'.",One or more required predictors were not observed in the available structured/query evidence; absence is not treated as proven omission.,Query DBH is not available.
GEN_背景_0046,False,applicable,福建人工杉木,三明市,volume,True,1,unique_exact_fedb_equation_match,unique_equation,福建人工杉木,三明市,True,True,,,unresolved,unresolved,fail,pass,unresolved,fail,"Biomass-component mismatch: query='volume', equation='材积'.",All deterministically identified required predictors are supplied.,Query DBH is not available.
GEN_背景_0047,False,applicable,广西云南松,广西,volume,True,1,unique_exact_fedb_equation_match,unique_equation,广西云南松,广西,True,True,,,unresolved,unresolved,fail,pass,unresolved,fail,"Biomass-component mismatch: query='volume', equation='材积'.",All deterministically identified required predictors are supplied.,Query DBH is not available.
GEN_背景_0048,False,applicable,西伯利亚桤木,黑龙江,枝总量,True,1,unique_exact_fedb_equation_match,unique_equation,西伯利亚桤木,黑龙江,True,True,,,unresolved,unresolved,fail,pass,unresolved,fail,"Biomass-component mismatch: query='枝总量', equation='枝'.",All deterministically identified required predictors are supplied.,Query DBH is not available.
GEN_背景_0049,False,applicable,黧蒴锥,广东,地下部分总量,True,1,unique_exact_fedb_equation_match,unique_equation,黧蒴锥,广东,True,True,,,unresolved,unresolved,fail,pass,unresolved,fail,"Biomass-component mismatch: query='地下部分总量', equation='地下'.",All deterministically identified required predictors are supplied.,Query DBH is not available.
GEN_背景_0050,False,applicable,小兴安岭南坡枫桦,小兴安岭南坡,volume,True,0,no_exact_fedb_equation_match,no_candidate,,,False,False,,,unresolved,unresolved,unresolved,unresolved,unresolved,unresolved,No unambiguous exact FEDB candidate was established.,No unambiguous exact FEDB candidate was established.,No unambiguous exact FEDB candidate was established.
GEN_背景_0052,False,applicable,尾叶桉,广西,干皮,True,1,unique_exact_fedb_equation_match,unique_equation,尾叶桉,广西,True,True,,,unresolved,unresolved,fail,pass,unresolved,fail,"Biomass-component mismatch: query='干皮', equation='皮'.",All deterministically identified required predictors are supplied.,Query DBH is not available.
GEN_背景_0053,False,applicable,刺槐,陕西,地下部分总量,True,1,unique_exact_fedb_equation_match,unique_equation,刺槐,陕西,True,True,,,unresolved,unresolved,fail,pass,unresolved,fail,"Biomass-component mismatch: query='地下部分总量', equation='地下'.",All deterministically identified required predictors are supplied.,Query DBH is not available.
GEN_背景_0054,False,applicable,杉木,湖南,叶总量,True,1,unique_exact_fedb_equation_match,unique_equation,杉木,湖南,True,True,18.5,D,unresolved,unresolved,fail,pass,fail,fail,"Biomass-component mismatch: query='叶总量', equation='叶'.",All deterministically identified required predictors are supplied.,"DBH 18.5 cm is outside documented range [4.1, 12.3] cm."
GEN_背景_0055,False,applicable,杉木,广西,叶总量,True,1,unique_exact_fedb_equation_match,unique_equation,杉木,广西,True,True,,,unresolved,unresolved,fail,pass,unresolved,fail,"Biomass-component mismatch: query='叶总量', equation='叶'.",All deterministically identified required predictors are supplied.,Query DBH is not available.
GEN_条件_0056,False,applicable,桦木/欧洲山杨,新疆阿尔泰山地区,树根,True,1,unique_exact_fedb_equation_match,unique_equation,桦木/欧洲山杨,新疆阿尔泰山地区,True,True,25.0,D,unresolved,unresolved,fail,pass,unresolved,fail,"Biomass-component mismatch: query='树根', equation='根'.",All deterministically identified required predictors are supplied.,No machine-checkable documented DBH range could be established from size_class.
GEN_条件_0057,False,applicable,马尾松,广西省,林分,True,2,multiple_exact_fedb_equation_matches,ambiguous_exact_equation,,,False,False,,,unresolved,unresolved,unresolved,unresolved,unresolved,unresolved,No unambiguous exact FEDB candidate was established.,No unambiguous exact FEDB candidate was established.,No unambiguous exact FEDB candidate was established.
GEN_条件_0058,False,applicable,加拿大杨I-72,安徽,全树总量,True,1,unique_exact_fedb_equation_match,unique_equation,加拿大杨I-72,安徽,True,True,25.3,D,unresolved,unresolved,fail,pass,pass,fail,"Biomass-component mismatch: query='全树总量', equation='整株'.",All deterministically identified required predictors are supplied.,"DBH 25.3 cm is within documented range [10, 32] cm."
GEN_条件_0059,False,applicable,加拿大杨I-69,安徽,地下部分总量,True,1,unique_exact_fedb_equation_match,unique_equation,加拿大杨I-69,安徽,True,True,,,unresolved,unresolved,fail,pass,unresolved,fail,"Biomass-component mismatch: query='地下部分总量', equation='地下'.",All deterministically identified required predictors are supplied.,Query DBH is not available.
GEN_条件_0060,False,applicable,广东马尾松,广东全省,volume,True,1,unique_exact_fedb_equation_match,unique_equation,广东马尾松,广东全省,True,True,,,unresolved,unresolved,fail,pass,unresolved,fail,"Biomass-component mismatch: query='volume', equation='材积'.",All deterministically identified required predictors are supplied.,Query DBH is not available.
GEN_条件_0061,False,applicable,桤木,四川,地上部分总量,True,1,unique_exact_fedb_equation_match,unique_equation,桤木,四川,True,True,,,unresolved,unresolved,fail,pass,unresolved,fail,"Biomass-component mismatch: query='地上部分总量', equation='地上'.",All deterministically identified required predictors are supplied.,Query DBH is not available.
GEN_条件_0062,False,applicable,马尾松,福建,枝总量,True,1,unique_exact_fedb_equation_match,unique_equation,马尾松,福建,True,True,,,unresolved,unresolved,fail,pass,unresolved,fail,"Biomass-component mismatch: query='枝总量', equation='枝'.",All deterministically identified required predictors are supplied.,Query DBH is not available.
GEN_条件_0063,False,applicable,樟树,福建,干总量,True,1,unique_exact_fedb_equation_match,unique_equation,樟树,福建,True,True,,,unresolved,unresolved,fail,pass,unresolved,fail,"Biomass-component mismatch: query='干总量', equation='干'.",All deterministically identified required predictors are supplied.,Query DBH is not available.
GEN_条件_0064,False,applicable,尾叶桉,广东,干材,True,1,unique_exact_fedb_equation_match,unique_equation,尾叶桉,广东,True,True,,,unresolved,unresolved,fail,pass,unresolved,fail,"Biomass-component mismatch: query='干材', equation='干'.",All deterministically identified required predictors are supplied.,Query DBH is not available.
GEN_条件_0065,False,applicable,加拿大杨I-72,河南,全树总量,True,1,unique_exact_fedb_equation_match,unique_equation,加拿大杨I-72,河南,True,True,,,unresolved,unresolved,fail,pass,unresolved,fail,"Biomass-component mismatch: query='全树总量', equation='整株'.",All deterministically identified required predictors are supplied.,Query DBH is not available.
GEN_条件_0066,False,applicable,华北落叶松,山西,干总量,True,1,unique_exact_fedb_equation_match,unique_equation,华北落叶松,山西,True,True,28.5,D,unresolved,unresolved,fail,pass,fail,fail,"Biomass-component mismatch: query='干总量', equation='干'.",All deterministically identified required predictors are supplied.,"DBH 28.5 cm is outside documented range [4, 28] cm."
GEN_条件_0067,False,applicable,印楝,云南,地上部分总量,True,1,unique_exact_fedb_equation_match,unique_equation,印楝,云南,True,True,,,unresolved,unresolved,fail,pass,unresolved,fail,"Biomass-component mismatch: query='地上部分总量', equation='地上'.",All deterministically identified required predictors are supplied.,Query DBH is not available.
GEN_条件_0068,False,applicable,杉木,广西,枝总量,True,1,unique_exact_fedb_equation_match,unique_equation,杉木,广西,True,True,,,unresolved,unresolved,fail,pass,unresolved,fail,"Biomass-component mismatch: query='枝总量', equation='枝'.",All deterministically identified required predictors are supplied.,Query DBH is not available.
GEN_条件_0069,False,applicable,马尾松,广西,叶总量,True,1,unique_exact_fedb_equation_match,unique_equation,马尾松,广西,True,True,,,unresolved,unresolved,fail,pass,unresolved,fail,"Biomass-component mismatch: query='叶总量', equation='叶'.",All deterministically identified required predictors are supplied.,Query DBH is not available.
GEN_条件_0071,False,applicable,橡胶树,云南,叶总量,True,1,unique_exact_fedb_equation_match,unique_equation,橡胶树,云南,True,True,,,unresolved,unresolved,fail,pass,unresolved,fail,"Biomass-component mismatch: query='叶总量', equation='叶'.",All deterministically identified required predictors are supplied.,Query DBH is not available.
GEN_条件_0072,False,applicable,杉木,湖南,地下部分总量,True,1,unique_exact_fedb_equation_match,unique_equation,杉木,湖南,True,True,25.3,D,unresolved,unresolved,fail,pass,fail,fail,"Biomass-component mismatch: query='地下部分总量', equation='地下'.",All deterministically identified required predictors are supplied.,"DBH 25.3 cm is outside documented range [4.3, 12.8] cm."
GEN_条件_0073,False,applicable,华山松,陕西,干材,True,1,unique_exact_fedb_equation_match,unique_equation,华山松,陕西,True,True,,,unresolved,unresolved,fail,pass,unresolved,fail,"Biomass-component mismatch: query='干材', equation='干'.",All deterministically identified required predictors are supplied.,Query DBH is not available.
GEN_条件_0074,False,applicable,胡杨,新疆,枝总量,True,1,unique_exact_fedb_equation_match,unique_equation,胡杨,新疆,True,True,,,unresolved,unresolved,fail,pass,unresolved,fail,"Biomass-component mismatch: query='枝总量', equation='枝'.",All deterministically identified required predictors are supplied.,Query DBH is not available.
GEN_条件_0075,False,applicable,贵州华山松,贵州省,volume,True,1,unique_exact_fedb_equation_match,unique_equation,贵州华山松,贵州省,True,True,25.3,D,unresolved,unresolved,fail,pass,unresolved,fail,"Biomass-component mismatch: query='volume', equation='材积'.",All deterministically identified required predictors are supplied.,No machine-checkable documented DBH range could be established from size_class.
GEN_错误_0076,False,applicable,急尖长苞冷杉,西藏,干皮,True,1,unique_exact_fedb_equation_match,unique_equation,急尖长苞冷杉,西藏,True,True,15.0,D,unresolved,unresolved,fail,pass,pass,fail,"Biomass-component mismatch: query='干皮', equation='皮'.",All deterministically identified required predictors are supplied.,"DBH 15 cm is within documented range [10, 35] cm."
GEN_错误_0077,False,applicable,加拿大杨I-72,江苏,地上部分总量,True,1,unique_exact_fedb_equation_match,unique_equation,加拿大杨I-72,江苏,True,True,15.0,D,unresolved,unresolved,fail,pass,fail,fail,"Biomass-component mismatch: query='地上部分总量', equation='地上'.",All deterministically identified required predictors are supplied.,"DBH 15 cm is outside documented range [26, 38] cm."
GEN_错误_0078,False,applicable,油松,山西,地上部分总量,True,1,unique_exact_fedb_equation_match,unique_equation,油松,山西,True,True,,,unresolved,unresolved,fail,unresolved,unresolved,fail,"Biomass-component mismatch: query='地上部分总量', equation='地上'.",One or more required predictors were not observed in the available structured/query evidence; absence is not treated as proven omission.,Query DBH is not available.
GEN_错误_0079,False,applicable,小果毛漆树,湖南,地上部分总量,True,1,unique_exact_fedb_equation_match,unique_equation,小果毛漆树,湖南,True,True,,,unresolved,unresolved,fail,unresolved,unresolved,fail,"Biomass-component mismatch: query='地上部分总量', equation='地上'.",One or more required predictors were not observed in the available structured/query evidence; absence is not treated as proven omission.,Query DBH is not available.
GEN_错误_0080,False,applicable,杉木,广西,干皮,True,1,unique_exact_fedb_equation_match,unique_equation,杉木,广西,True,True,,,unresolved,unresolved,fail,pass,unresolved,fail,"Biomass-component mismatch: query='干皮', equation='皮'.",All deterministically identified required predictors are supplied.,Query DBH is not available.
GEN_错误_0081,False,applicable,火炬松,江苏,叶总量,True,1,unique_exact_fedb_equation_match,unique_equation,火炬松,江苏,True,True,25.0,D,unresolved,unresolved,fail,pass,fail,fail,"Biomass-component mismatch: query='叶总量', equation='叶'.",All deterministically identified required predictors are supplied.,"DBH 25 cm is outside documented range [8, 24] cm."
GEN_错误_0082,False,applicable,观光木,广西,全树总量,True,1,unique_exact_fedb_equation_match,unique_equation,观光木,广西,True,True,25.0,D,unresolved,unresolved,fail,pass,pass,fail,"Biomass-component mismatch: query='全树总量', equation='整株'.",All deterministically identified required predictors are supplied.,"DBH 25 cm is within documented range [8, 28] cm."
GEN_错误_0083,False,applicable,油松,小秦岭国家级自然保护区,枝,True,1,unique_exact_fedb_equation_match,unique_equation,油松,小秦岭国家级自然保护区,True,True,,,unresolved,unresolved,pass,unresolved,unresolved,unresolved,Biomass components match exactly.,One or more required predictors were not observed in the available structured/query evidence; absence is not treated as proven omission.,Query DBH is not available.
GEN_错误_0084,False,applicable,湿地松,江西,枝总量,True,1,unique_exact_fedb_equation_match,unique_equation,湿地松,江西,True,True,25.0,D,unresolved,unresolved,fail,pass,fail,fail,"Biomass-component mismatch: query='枝总量', equation='枝'.",All deterministically identified required predictors are supplied.,"DBH 25 cm is outside documented range [8, 15.5] cm."
GEN_错误_0085,False,applicable,油茶,湖南,细枝,True,1,unique_exact_fedb_equation_match,unique_equation,油茶,湖南,True,True,,,unresolved,unresolved,fail,unresolved,unresolved,fail,"Biomass-component mismatch: query='细枝', equation='枝'.",One or more required predictors were not observed in the available structured/query evidence; absence is not treated as proven omission.,Query DBH is not available.
GEN_错误_0086,False,applicable,合果木,广西,地上部分总量,True,1,unique_exact_fedb_equation_match,unique_equation,合果木,广西,True,True,,,unresolved,unresolved,fail,unresolved,unresolved,fail,"Biomass-component mismatch: query='地上部分总量', equation='地上'.",One or more required predictors were not observed in the available structured/query evidence; absence is not treated as proven omission.,Query DBH is not available.
GEN_错误_0087,False,applicable,油松,四川,干总量,True,1,unique_exact_fedb_equation_match,unique_equation,油松,四川,True,True,,,unresolved,unresolved,fail,unresolved,unresolved,fail,"Biomass-component mismatch: query='干总量', equation='干'.",One or more required predictors were not observed in the available structured/query evidence; absence is not treated as proven omission.,Query DBH is not available.
GEN_错误_0088,False,applicable,其他松类,福建省,干,True,1,unique_exact_fedb_equation_match,unique_equation,其他松类,福建省,True,True,25.0,D,unresolved,unresolved,pass,pass,unresolved,unresolved,Biomass components match exactly.,All deterministically identified required predictors are supplied.,No machine-checkable documented DBH range could be established from size_class.
GEN_错误_0089,False,applicable,思茅松,云南,树桩,True,1,unique_exact_fedb_equation_match,unique_equation,思茅松,云南,True,True,30.0,D,unresolved,unresolved,fail,pass,fail,fail,"Biomass-component mismatch: query='树桩', equation='根'.",All deterministically identified required predictors are supplied.,"DBH 30 cm is outside documented range [7, 28] cm."
GEN_错误_0090,False,applicable,杉木,湖南,果实,True,1,unique_exact_fedb_equation_match,unique_equation,杉木,湖南,True,True,15.0,D,unresolved,unresolved,pass,pass,fail,fail,Biomass components match exactly.,All deterministically identified required predictors are supplied.,"DBH 15 cm is outside documented range [26.5, 39.9] cm."
GEN_错误_0091,False,applicable,云南金沙江流域云南松,金沙江流域（丽江、楚雄州、中旬县）,volume,True,1,unique_exact_fedb_equation_match,unique_equation,云南金沙江流域云南松,金沙江流域（丽江、楚雄州、中旬县）,True,True,,,unresolved,unresolved,fail,unresolved,unresolved,fail,"Biomass-component mismatch: query='volume', equation='材积'.",One or more required predictors were not observed in the available structured/query evidence; absence is not treated as proven omission.,Query DBH is not available.
GEN_错误_0092,False,applicable,水杉,江苏,叶总量,True,1,unique_exact_fedb_equation_match,unique_equation,水杉,江苏,True,True,,,unresolved,unresolved,fail,pass,unresolved,fail,"Biomass-component mismatch: query='叶总量', equation='叶'.",All deterministically identified required predictors are supplied.,Query DBH is not available.
GEN_错误_0093,False,applicable,日本落叶松,四川,地下部分总量,True,1,unique_exact_fedb_equation_match,unique_equation,日本落叶松,四川,True,True,25.0,D,unresolved,unresolved,fail,pass,fail,fail,"Biomass-component mismatch: query='地下部分总量', equation='地下'.",All deterministically identified required predictors are supplied.,"DBH 25 cm is outside documented range [10.5, 23.7] cm."
GEN_错误_0094,False,applicable,檫木,福建,叶总量,True,1,unique_exact_fedb_equation_match,unique_equation,檫木,福建,True,True,25.0,D,unresolved,unresolved,fail,pass,fail,fail,"Biomass-component mismatch: query='叶总量', equation='叶'.",All deterministically identified required predictors are supplied.,"DBH 25 cm is outside documented range [4.6, 15] cm."
GEN_错误_0095,False,applicable,油松,河南伏牛山区,树皮生物量,True,1,unique_exact_fedb_equation_match,unique_equation,油松,河南伏牛山区,True,True,25.0,D,unresolved,unresolved,fail,pass,unresolved,fail,"Biomass-component mismatch: query='树皮生物量', equation='皮'.",All deterministically identified required predictors are supplied.,No machine-checkable documented DBH range could be established from size_class.
GEN_错误_0096,False,applicable,水杉,湖南,枝总量,True,1,unique_exact_fedb_equation_match,unique_equation,水杉,湖南,True,True,25.0,D,unresolved,unresolved,fail,pass,pass,fail,"Biomass-component mismatch: query='枝总量', equation='枝'.",All deterministically identified required predictors are supplied.,"DBH 25 cm is within documented range [10.8, 32.4] cm."
GEN_错误_0097,False,applicable,女贞,广西,枝总量,True,1,unique_exact_fedb_equation_match,unique_equation,女贞,广西,True,True,8.0,D,unresolved,unresolved,fail,pass,pass,fail,"Biomass-component mismatch: query='枝总量', equation='枝'.",All deterministically identified required predictors are supplied.,"DBH 8 cm is within documented range [4.2, 9.1] cm."
GEN_错误_0098,False,applicable,油松,辽宁,侧根,True,1,unique_exact_fedb_equation_match,unique_equation,油松,辽宁,True,True,25.0,D,unresolved,unresolved,fail,pass,pass,fail,"Biomass-component mismatch: query='侧根', equation='根'.",All deterministically identified required predictors are supplied.,"DBH 25 cm is within documented range [4, 25] cm."
GEN_错误_0099,False,applicable,樟树,贵州,干总量,True,1,unique_exact_fedb_equation_match,unique_equation,樟树,贵州,True,True,25.0,D,unresolved,unresolved,fail,pass,fail,fail,"Biomass-component mismatch: query='干总量', equation='干'.",All deterministically identified required predictors are supplied.,"DBH 25 cm is outside documented range [2.1, 6.4] cm."
GEN_错误_0100,False,applicable,火炬松,青岛市,树根生物量,True,1,unique_exact_fedb_equation_match,unique_equation,火炬松,青岛市,True,True,,,unresolved,unresolved,fail,unresolved,unresolved,fail,"Biomass-component mismatch: query='树根生物量', equation='根'.",One or more required predictors were not observed in the available structured/query evidence; absence is not treated as proven omission.,Query DBH is not available.
GEN_术语_0101,False,applicable,白桦,河北,枝总量,True,1,unique_exact_fedb_equation_match,unique_equation,白桦,河北,True,True,,,unresolved,unresolved,fail,pass,unresolved,fail,"Biomass-component mismatch: query='枝总量', equation='枝'.",All deterministically identified required predictors are supplied.,Query DBH is not available.
GEN_术语_0102,False,applicable,辽东栎,山西,叶总量,True,1,unique_exact_fedb_equation_match,unique_equation,辽东栎,山西,True,True,,,unresolved,unresolved,fail,pass,unresolved,fail,"Biomass-component mismatch: query='叶总量', equation='叶'.",All deterministically identified required predictors are supplied.,Query DBH is not available.
GEN_术语_0103,False,applicable,油松,陕西,地下部分总量,True,1,unique_exact_fedb_equation_match,unique_equation,油松,陕西,True,True,,,unresolved,unresolved,fail,pass,unresolved,fail,"Biomass-component mismatch: query='地下部分总量', equation='地下'.",All deterministically identified required predictors are supplied.,Query DBH is not available.
GEN_术语_0104,False,applicable,广东柠檬桉,广东全省,volume,True,1,unique_exact_fedb_equation_match,unique_equation,广东柠檬桉,广东全省,True,True,,,unresolved,unresolved,fail,pass,unresolved,fail,"Biomass-component mismatch: query='volume', equation='材积'.",All deterministically identified required predictors are supplied.,Query DBH is not available.
GEN_术语_0105,False,applicable,油松,陕西,地下部分总量,True,1,unique_exact_fedb_equation_match,unique_equation,油松,陕西,True,True,,,unresolved,unresolved,fail,pass,unresolved,fail,"Biomass-component mismatch: query='地下部分总量', equation='地下'.",All deterministically identified required predictors are supplied.,Query DBH is not available.
GEN_术语_0106,False,applicable,刺槐,陕西,地下部分总量,True,1,unique_exact_fedb_equation_match,unique_equation,刺槐,陕西,True,True,,,unresolved,unresolved,fail,pass,unresolved,fail,"Biomass-component mismatch: query='地下部分总量', equation='地下'.",All deterministically identified required predictors are supplied.,Query DBH is not available.
GEN_术语_0107,False,applicable,蒙古栎,黑龙江,全树总量,True,1,unique_exact_fedb_equation_match,unique_equation,蒙古栎,黑龙江,True,True,,,unresolved,unresolved,fail,pass,unresolved,fail,"Biomass-component mismatch: query='全树总量', equation='整株'.",All deterministically identified required predictors are supplied.,Query DBH is not available.
GEN_术语_0108,False,applicable,橡胶树,云南,干总量,True,1,unique_exact_fedb_equation_match,unique_equation,橡胶树,云南,True,True,,,unresolved,unresolved,fail,pass,unresolved,fail,"Biomass-component mismatch: query='干总量', equation='干'.",All deterministically identified required predictors are supplied.,Query DBH is not available.
GEN_术语_0109,False,applicable,油松,山东,树桩和主根,True,1,unique_exact_fedb_equation_match,unique_equation,油松,山东,True,True,,,unresolved,unresolved,fail,pass,unresolved,fail,"Biomass-component mismatch: query='树桩和主根', equation='根'.",All deterministically identified required predictors are supplied.,Query DBH is not available.
GEN_术语_0110,False,applicable,I针叶树,吉林市I,volume,True,1,unique_exact_fedb_equation_match,unique_equation,I针叶树,吉林市I,True,True,,,unresolved,unresolved,fail,unresolved,unresolved,fail,"Biomass-component mismatch: query='volume', equation='材积'.",One or more required predictors were not observed in the available structured/query evidence; absence is not treated as proven omission.,Query DBH is not available.
GEN_术语_0111,False,applicable,西桦,广西,干材,True,1,unique_exact_fedb_equation_match,unique_equation,西桦,广西,True,True,,,unresolved,unresolved,fail,pass,unresolved,fail,"Biomass-component mismatch: query='干材', equation='干'.",All deterministically identified required predictors are supplied.,Query DBH is not available.
GEN_术语_0112,False,applicable,云南松,西藏察隅县(海拔1705-2457m),枝,True,1,unique_exact_fedb_equation_match,unique_equation,云南松,西藏察隅县(海拔1705-2457m),True,True,,,unresolved,unresolved,pass,pass,unresolved,unresolved,Biomass components match exactly.,All deterministically identified required predictors are supplied.,Query DBH is not available.
GEN_术语_0113,False,applicable,急尖长苞冷杉,云南,枝总量,True,1,unique_exact_fedb_equation_match,unique_equation,急尖长苞冷杉,云南,True,True,,,unresolved,unresolved,fail,pass,unresolved,fail,"Biomass-component mismatch: query='枝总量', equation='枝'.",All deterministically identified required predictors are supplied.,Query DBH is not available.
GEN_术语_0114,False,applicable,马尾松,湖南,叶总量,True,1,unique_exact_fedb_equation_match,unique_equation,马尾松,湖南,True,True,,,unresolved,unresolved,fail,pass,unresolved,fail,"Biomass-component mismatch: query='叶总量', equation='叶'.",All deterministically identified required predictors are supplied.,Query DBH is not available.
GEN_术语_0115,False,applicable,杉木,湖南,枝总量,True,1,unique_exact_fedb_equation_match,unique_equation,杉木,湖南,True,True,,,unresolved,unresolved,fail,pass,unresolved,fail,"Biomass-component mismatch: query='枝总量', equation='枝'.",All deterministically identified required predictors are supplied.,Query DBH is not available.
GEN_术语_0116,False,applicable,日本柳杉,湖南,干材,True,1,unique_exact_fedb_equation_match,unique_equation,日本柳杉,湖南,True,True,,,unresolved,unresolved,fail,pass,unresolved,fail,"Biomass-component mismatch: query='干材', equation='干'.",All deterministically identified required predictors are supplied.,Query DBH is not available.
GEN_术语_0117,False,applicable,闽楠,四川,中等根(直径10-20mm),True,1,unique_exact_fedb_equation_match,unique_equation,闽楠,四川,True,True,,,unresolved,unresolved,fail,pass,unresolved,fail,"Biomass-component mismatch: query='中等根(直径10-20mm)', equation='根'.",All deterministically identified required predictors are supplied.,Query DBH is not available.
GEN_术语_0118,False,applicable,青冈,浙江,叶总量,True,1,unique_exact_fedb_equation_match,unique_equation,青冈,浙江,True,True,,,unresolved,unresolved,fail,pass,unresolved,fail,"Biomass-component mismatch: query='叶总量', equation='叶'.",All deterministically identified required predictors are supplied.,Query DBH is not available.
GEN_术语_0119,False,applicable,兴安落叶松,黑龙江,叶总量,True,1,unique_exact_fedb_equation_match,unique_equation,兴安落叶松,黑龙江,True,True,,,unresolved,unresolved,fail,pass,unresolved,fail,"Biomass-component mismatch: query='叶总量', equation='叶'.",All deterministically identified required predictors are supplied.,Query DBH is not available.
GEN_术语_0120,False,applicable,毛白杨,河南,地下部分总量,True,1,unique_exact_fedb_equation_match,unique_equation,毛白杨,河南,True,True,,,unresolved,unresolved,fail,pass,unresolved,fail,"Biomass-component mismatch: query='地下部分总量', equation='地下'.",All deterministically identified required predictors are supplied.,Query DBH is not available.
GEN_术语_0121,False,applicable,油松,陕西,干总量,True,1,unique_exact_fedb_equation_match,unique_equation,油松,陕西,True,True,,,unresolved,unresolved,fail,pass,unresolved,fail,"Biomass-component mismatch: query='干总量', equation='干'.",All deterministically identified required predictors are supplied.,Query DBH is not available.
GEN_术语_0122,False,applicable,青海云杉,甘肃,果实,True,1,unique_exact_fedb_equation_match,unique_equation,青海云杉,甘肃,True,True,,,unresolved,unresolved,pass,pass,unresolved,unresolved,Biomass components match exactly.,All deterministically identified required predictors are supplied.,Query DBH is not available.
GEN_术语_0123,False,applicable,望天树,广西,树桩,True,1,unique_exact_fedb_equation_match,unique_equation,望天树,广西,True,True,,,unresolved,unresolved,fail,pass,unresolved,fail,"Biomass-component mismatch: query='树桩', equation='根'.",All deterministically identified required predictors are supplied.,Query DBH is not available.
GEN_术语_0124,False,applicable,混交林种(2cm≤直径≤5cm),云南,干总量,True,1,unique_exact_fedb_equation_match,unique_equation,混交林种(2cm≤直径≤5cm),云南,True,True,,,unresolved,unresolved,fail,pass,unresolved,fail,"Biomass-component mismatch: query='干总量', equation='干'.",All deterministically identified required predictors are supplied.,Query DBH is not available.
GEN_术语_0125,False,applicable,混交林种(1cm≤直径≤5cm),广东,地下部分总量,True,1,unique_exact_fedb_equation_match,unique_equation,混交林种(1cm≤直径≤5cm),广东,True,True,,,unresolved,unresolved,fail,pass,unresolved,fail,"Biomass-component mismatch: query='地下部分总量', equation='地下'.",All deterministically identified required predictors are supplied.,Query DBH is not available.
GEN_术语_0126,False,applicable,人工落叶松,黑河地区,volume,True,0,no_exact_fedb_equation_match,no_candidate,,,False,False,,,unresolved,unresolved,unresolved,unresolved,unresolved,unresolved,No unambiguous exact FEDB candidate was established.,No unambiguous exact FEDB candidate was established.,No unambiguous exact FEDB candidate was established.
GEN_术语_0127,False,applicable,黄果厚壳桂,广东,枝总量,True,1,unique_exact_fedb_equation_match,unique_equation,黄果厚壳桂,广东,True,True,,,unresolved,unresolved,fail,pass,unresolved,fail,"Biomass-component mismatch: query='枝总量', equation='枝'.",All deterministically identified required predictors are supplied.,Query DBH is not available.
GEN_术语_0128,False,applicable,杉木,湖南,枝总量,True,1,unique_exact_fedb_equation_match,unique_equation,杉木,湖南,True,True,,,unresolved,unresolved,fail,pass,unresolved,fail,"Biomass-component mismatch: query='枝总量', equation='枝'.",All deterministically identified required predictors are supplied.,Query DBH is not available.
GEN_术语_0129,False,applicable,火炬松,江苏,全树总量,True,1,unique_exact_fedb_equation_match,unique_equation,火炬松,江苏,True,True,,,unresolved,unresolved,fail,pass,unresolved,fail,"Biomass-component mismatch: query='全树总量', equation='整株'.",All deterministically identified required predictors are supplied.,Query DBH is not available.
GEN_术语_0130,False,applicable,青海云杉,甘肃,枝总量,True,1,unique_exact_fedb_equation_match,unique_equation,青海云杉,甘肃,True,True,,,unresolved,unresolved,fail,pass,unresolved,fail,"Biomass-component mismatch: query='枝总量', equation='枝'.",All deterministically identified required predictors are supplied.,Query DBH is not available.
NEG_OOD_C_001,True,inapplicable,,,,False,0,benchmark_equation_missing,no_candidate,,,False,False,,,unresolved,unresolved,unresolved,unresolved,unresolved,unresolved,No unambiguous exact FEDB candidate was established.,No unambiguous exact FEDB candidate was established.,No unambiguous exact FEDB candidate was established.
NEG_OOD_C_002,True,inapplicable,,,,False,0,benchmark_equation_missing,no_candidate,,,False,False,,,unresolved,unresolved,unresolved,unresolved,unresolved,unresolved,No unambiguous exact FEDB candidate was established.,No unambiguous exact FEDB candidate was established.,No unambiguous exact FEDB candidate was established.
NEG_OOD_C_003,True,inapplicable,,,,False,0,benchmark_equation_missing,no_candidate,,,False,False,,,unresolved,unresolved,unresolved,unresolved,unresolved,unresolved,No unambiguous exact FEDB candidate was established.,No unambiguous exact FEDB candidate was established.,No unambiguous exact FEDB candidate was established.
NEG_OOD_C_004,True,inapplicable,,,,False,0,benchmark_equation_missing,no_candidate,,,False,False,,,unresolved,unresolved,unresolved,unresolved,unresolved,unresolved,No unambiguous exact FEDB candidate was established.,No unambiguous exact FEDB candidate was established.,No unambiguous exact FEDB candidate was established.
NEG_PARAM_001,True,inapplicable,,,,False,0,benchmark_equation_missing,no_candidate,,,False,False,,,unresolved,unresolved,unresolved,unresolved,unresolved,unresolved,No unambiguous exact FEDB candidate was established.,No unambiguous exact FEDB candidate was established.,No unambiguous exact FEDB candidate was established.
NEG_PARAM_002,True,inapplicable,,,,False,0,benchmark_equation_missing,no_candidate,,,False,False,,,unresolved,unresolved,unresolved,unresolved,unresolved,unresolved,No unambiguous exact FEDB candidate was established.,No unambiguous exact FEDB candidate was established.,No unambiguous exact FEDB candidate was established.
NEG_PARAM_003,True,inapplicable,,,,False,0,benchmark_equation_missing,no_candidate,,,False,False,,,unresolved,unresolved,unresolved,unresolved,unresolved,unresolved,No unambiguous exact FEDB candidate was established.,No unambiguous exact FEDB candidate was established.,No unambiguous exact FEDB candidate was established.
NEG_PARAM_004,True,inapplicable,,,,False,0,benchmark_equation_missing,no_candidate,,,False,False,,,unresolved,unresolved,unresolved,unresolved,unresolved,unresolved,No unambiguous exact FEDB candidate was established.,No unambiguous exact FEDB candidate was established.,No unambiguous exact FEDB candidate was established.
NEG_PARAM_005,True,inapplicable,,,,False,0,benchmark_equation_missing,no_candidate,,,False,False,,,unresolved,unresolved,unresolved,unresolved,unresolved,unresolved,No unambiguous exact FEDB candidate was established.,No unambiguous exact FEDB candidate was established.,No unambiguous exact FEDB candidate was established.
NEG_PARAM_006,True,inapplicable,,,,False,0,benchmark_equation_missing,no_candidate,,,False,False,,,unresolved,unresolved,unresolved,unresolved,unresolved,unresolved,No unambiguous exact FEDB candidate was established.,No unambiguous exact FEDB candidate was established.,No unambiguous exact FEDB candidate was established.
NEG_PARAM_007,True,inapplicable,,,,False,0,benchmark_equation_missing,no_candidate,,,False,False,,,unresolved,unresolved,unresolved,unresolved,unresolved,unresolved,No unambiguous exact FEDB candidate was established.,No unambiguous exact FEDB candidate was established.,No unambiguous exact FEDB candidate was established.
NEG_PARAM_008,True,inapplicable,,,,False,0,benchmark_equation_missing,no_candidate,,,False,False,,,unresolved,unresolved,unresolved,unresolved,unresolved,unresolved,No unambiguous exact FEDB candidate was established.,No unambiguous exact FEDB candidate was established.,No unambiguous exact FEDB candidate was established.
NEG_PARAM_009,True,inapplicable,,,,False,0,benchmark_equation_missing,no_candidate,,,False,False,,,unresolved,unresolved,unresolved,unresolved,unresolved,unresolved,No unambiguous exact FEDB candidate was established.,No unambiguous exact FEDB candidate was established.,No unambiguous exact FEDB candidate was established.
NEG_PARAM_010,True,inapplicable,,,,False,0,benchmark_equation_missing,no_candidate,,,False,False,,,unresolved,unresolved,unresolved,unresolved,unresolved,unresolved,No unambiguous exact FEDB candidate was established.,No unambiguous exact FEDB candidate was established.,No unambiguous exact FEDB candidate was established.
NEG_PARAM_011,True,inapplicable,,,,False,0,benchmark_equation_missing,no_candidate,,,False,False,,,unresolved,unresolved,unresolved,unresolved,unresolved,unresolved,No unambiguous exact FEDB candidate was established.,No unambiguous exact FEDB candidate was established.,No unambiguous exact FEDB candidate was established.
NEG_PARAM_012,True,inapplicable,,,,False,0,benchmark_equation_missing,no_candidate,,,False,False,,,unresolved,unresolved,unresolved,unresolved,unresolved,unresolved,No unambiguous exact FEDB candidate was established.,No unambiguous exact FEDB candidate was established.,No unambiguous exact FEDB candidate was established.
NEG_PARAM_013,True,inapplicable,,,,False,0,benchmark_equation_missing,no_candidate,,,False,False,,,unresolved,unresolved,unresolved,unresolved,unresolved,unresolved,No unambiguous exact FEDB candidate was established.,No unambiguous exact FEDB candidate was established.,No unambiguous exact FEDB candidate was established.
NEG_AMBIG_001,True,inapplicable,,,,False,0,benchmark_equation_missing,no_candidate,,,False,False,,,unresolved,unresolved,unresolved,unresolved,unresolved,unresolved,No unambiguous exact FEDB candidate was established.,No unambiguous exact FEDB candidate was established.,No unambiguous exact FEDB candidate was established.
NEG_AMBIG_002,True,inapplicable,,,,False,0,benchmark_equation_missing,no_candidate,,,False,False,,,unresolved,unresolved,unresolved,unresolved,unresolved,unresolved,No unambiguous exact FEDB candidate was established.,No unambiguous exact FEDB candidate was established.,No unambiguous exact FEDB candidate was established.
NEG_AMBIG_003,True,inapplicable,,,,False,0,benchmark_equation_missing,no_candidate,,,False,False,,,unresolved,unresolved,unresolved,unresolved,unresolved,unresolved,No unambiguous exact FEDB candidate was established.,No unambiguous exact FEDB candidate was established.,No unambiguous exact FEDB candidate was established.
NEG_AMBIG_004,True,inapplicable,,,,False,0,benchmark_equation_missing,no_candidate,,,False,False,,,unresolved,unresolved,unresolved,unresolved,unresolved,unresolved,No unambiguous exact FEDB candidate was established.,No unambiguous exact FEDB candidate was established.,No unambiguous exact FEDB candidate was established.
NEG_AMBIG_005,True,inapplicable,,,,False,0,benchmark_equation_missing,no_candidate,,,False,False,,,unresolved,unresolved,unresolved,unresolved,unresolved,unresolved,No unambiguous exact FEDB candidate was established.,No unambiguous exact FEDB candidate was established.,No unambiguous exact FEDB candidate was established.
NEG_AMBIG_006,True,inapplicable,,,,False,0,benchmark_equation_missing,no_candidate,,,False,False,,,unresolved,unresolved,unresolved,unresolved,unresolved,unresolved,No unambiguous exact FEDB candidate was established.,No unambiguous exact FEDB candidate was established.,No unambiguous exact FEDB candidate was established.
NEG_AMBIG_007,True,inapplicable,,,,False,0,benchmark_equation_missing,no_candidate,,,False,False,,,unresolved,unresolved,unresolved,unresolved,unresolved,unresolved,No unambiguous exact FEDB candidate was established.,No unambiguous exact FEDB candidate was established.,No unambiguous exact FEDB candidate was established.
NEG_AMBIG_008,True,inapplicable,,,,False,0,benchmark_equation_missing,no_candidate,,,False,False,,,unresolved,unresolved,unresolved,unresolved,unresolved,unresolved,No unambiguous exact FEDB candidate was established.,No unambiguous exact FEDB candidate was established.,No unambiguous exact FEDB candidate was established.
NEG_AMBIG_009,True,inapplicable,,,,False,0,benchmark_equation_missing,no_candidate,,,False,False,,,unresolved,unresolved,unresolved,unresolved,unresolved,unresolved,No unambiguous exact FEDB candidate was established.,No unambiguous exact FEDB candidate was established.,No unambiguous exact FEDB candidate was established.
NEG_AMBIG_010,True,inapplicable,,,,False,0,benchmark_equation_missing,no_candidate,,,False,False,,,unresolved,unresolved,unresolved,unresolved,unresolved,unresolved,No unambiguous exact FEDB candidate was established.,No unambiguous exact FEDB candidate was established.,No unambiguous exact FEDB candidate was established.
